Jour_Semaine_Friday,Jour_Semaine_Monday,Jour_Semaine_Saturday,Jour_Semaine_Sunday,Jour_Semaine_Thursday,Jour_Semaine_Tuesday,Jour_Semaine_Wednesday,Mois,Annee,Est_Week_End,Est_Jour_Ferie,Est_Vacances_Scolaires,Evenement_Special,Temperature_Moyenne_C,Precipitations_mm,Jour,Numero_Semaine,Jour_Annee,Trimestre,Jour_Mois,Nb_Passagers
0.0,0.0,1.0,0.0,0.0,0.0,0.0,1.0,2022.0,1.0,1.0,0.0,0.0,4.8,3.7,1.0,52.0,1.0,1.0,1.0,18493.0
0.0,0.0,0.0,1.0,0.0,0.0,0.0,1.0,2022.0,1.0,0.0,0.0,0.0,10.2,3.5,2.0,52.0,2.0,1.0,2.0,24360.0
0.0,1.0,0.0,0.0,0.0,0.0,0.0,1.0,2022.0,0.0,0.0,0.0,0.0,3.0,10.2,3.0,1.0,3.0,1.0,3.0,38815.0
0.0,0.0,0.0,0.0,0.0,1.0,0.0,1.0,2022.0,0.0,0.0,0.0,0.0,4.5,0.0,4.0,1.0,4.0,1.0,4.0,59278.0
0.0,0.0,0.0,0.0,0.0,0.0,1.0,1.0,2022.0,0.0,0.0,0.0,0.0,5.5,10.0,5.0,1.0,5.0,1.0,5.0,56771.0
0.0,0.0,0.0,0.0,1.0,0.0,0.0,1.0,2022.0,0.0,0.0,0.0,0.0,7.8,0.7,6.0,1.0,6.0,1.0,6.0,76223.0
1.0,0.0,0.0,0.0,0.0,0.0,0.0,1.0,2022.0,0.0,0.0,0.0,0.0,2.1,14.2,7.0,1.0,7.0,1.0,7.0,49380.0
0.0,0.0,1.0,0.0,0.0,0.0,0.0,1.0,2022.0,1.0,0.0,0.0,0.0,7.8,8.0,8.0,1.0,8.0,1.0,8.0,31959.0
0.0,0.0,0.0,1.0,0.0,0.0,0.0,1.0,2022.0,1.0,0.0,0.0,0.0,3.6,0.0,9.0,1.0,9.0,1.0,9.0,18366.0
0.0,1.0,0.0,0.0,0.0,0.0,0.0,1.0,2022.0,0.0,0.0,0.0,0.0,4.5,7.9,10.0,2.0,10.0,1.0,10.0,51064.0
0.0,0.0,0.0,0.0,0.0,1.0,0.0,1.0,2022.0,0.0,1.0,0.0,0.0,7.1,10.2,11.0,2.0,11.0,1.0,11.0,22226.0
0.0,0.0,0.0,0.0,0.0,0.0,1.0,1.0,2022.0,0.0,0.0,0.0,0.0,4.0,11.4,12.0,2.0,12.0,1.0,12.0,47756.0
0.0,0.0,0.0,0.0,1.0,0.0,0.0,1.0,2022.0,0.0,0.0,0.0,0.0,5.7,11.2,13.0,2.0,13.0,1.0,13.0,60860.0
1.0,0.0,0.0,0.0,0.0,0.0,0.0,1.0,2022.0,0.0,0.0,0.0,0.0,4.1,3.7,14.0,2.0,14.0,1.0,14.0,57097.0
0.0,0.0,1.0,0.0,0.0,0.0,0.0,1.0,2022.0,1.0,0.0,0.0,0.0,3.3,0.0,15.0,2.0,15.0,1.0,15.0,41236.0
0.0,0.0,0.0,1.0,0.0,0.0,0.0,1.0,2022.0,1.0,0.0,0.0,0.0,8.5,4.0,16.0,2.0,16.0,1.0,16.0,31089.0
0.0,1.0,0.0,0.0,0.0,0.0,0.0,1.0,2022.0,0.0,0.0,0.0,0.0,2.2,1.3,17.0,3.0,17.0,1.0,17.0,56237.0
0.0,0.0,0.0,0.0,0.0,1.0,0.0,1.0,2022.0,0.0,0.0,0.0,0.0,7.9,14.8,18.0,3.0,18.0,1.0,18.0,59845.0
0.0,0.0,0.0,0.0,0.0,0.0,1.0,1.0,2022.0,0.0,0.0,0.0,0.0,8.9,1.2,19.0,3.0,19.0,1.0,19.0,55324.0
0.0,0.0,0.0,0.0,1.0,0.0,0.0,1.0,2022.0,0.0,0.0,1.0,0.0,6.0,1.2,20.0,3.0,20.0,1.0,20.0,59213.0
1.0,0.0,0.0,0.0,0.0,0.0,0.0,1.0,2022.0,0.0,0.0,1.0,0.0,7.6,9.6,21.0,3.0,21.0,1.0,21.0,42343.0
0.0,0.0,1.0,0.0,0.0,0.0,0.0,1.0,2022.0,1.0,0.0,1.0,0.0,9.9,3.3,22.0,3.0,22.0,1.0,22.0,30786.0
0.0,0.0,0.0,1.0,0.0,0.0,0.0,1.0,2022.0,1.0,0.0,1.0,0.0,2.2,0.9,23.0,3.0,23.0,1.0,23.0,25329.0
0.0,1.0,0.0,0.0,0.0,0.0,0.0,1.0,2022.0,0.0,0.0,1.0,0.0,6.8,0.0,24.0,4.0,24.0,1.0,24.0,49217.0
0.0,0.0,0.0,0.0,0.0,1.0,0.0,1.0,2022.0,0.0,0.0,1.0,0.0,10.4,11.7,25.0,4.0,25.0,1.0,25.0,52127.0
0.0,0.0,0.0,0.0,0.0,0.0,1.0,1.0,2022.0,0.0,0.0,1.0,0.0,5.1,3.0,26.0,4.0,26.0,1.0,26.0,53112.0
0.0,0.0,0.0,0.0,1.0,0.0,0.0,1.0,2022.0,0.0,0.0,1.0,0.0,4.8,2.7,27.0,4.0,27.0,1.0,27.0,51504.0
1.0,0.0,0.0,0.0,0.0,0.0,0.0,1.0,2022.0,0.0,0.0,1.0,0.0,2.3,0.0,28.0,4.0,28.0,1.0,28.0,39661.0
0.0,0.0,1.0,0.0,0.0,0.0,0.0,1.0,2022.0,1.0,0.0,1.0,0.0,5.6,0.0,29.0,4.0,29.0,1.0,29.0,33626.0
0.0,0.0,0.0,1.0,0.0,0.0,0.0,1.0,2022.0,1.0,0.0,1.0,0.0,7.7,7.8,30.0,4.0,30.0,1.0,30.0,18105.0
0.0,1.0,0.0,0.0,0.0,0.0,0.0,1.0,2022.0,0.0,0.0,0.0,0.0,4.5,2.8,31.0,5.0,31.0,1.0,31.0,57697.0
0.0,0.0,0.0,0.0,0.0,1.0,0.0,2.0,2022.0,0.0,0.0,0.0,0.0,12.3,6.0,1.0,5.0,32.0,1.0,1.0,58606.0
0.0,0.0,0.0,0.0,0.0,0.0,1.0,2.0,2022.0,0.0,0.0,0.0,0.0,7.5,0.0,2.0,5.0,33.0,1.0,2.0,58755.0
0.0,0.0,0.0,0.0,1.0,0.0,0.0,2.0,2022.0,0.0,0.0,0.0,0.0,10.9,0.0,3.0,5.0,34.0,1.0,3.0,63541.0
1.0,0.0,0.0,0.0,0.0,0.0,0.0,2.0,2022.0,0.0,0.0,0.0,0.0,14.1,11.2,4.0,5.0,35.0,1.0,4.0,53493.0
0.0,0.0,1.0,0.0,0.0,0.0,0.0,2.0,2022.0,1.0,0.0,0.0,0.0,8.9,0.0,5.0,5.0,36.0,1.0,5.0,39127.0
0.0,0.0,0.0,1.0,0.0,0.0,0.0,2.0,2022.0,1.0,0.0,0.0,0.0,12.7,0.7,6.0,5.0,37.0,1.0,6.0,22691.0
0.0,1.0,0.0,0.0,0.0,0.0,0.0,2.0,2022.0,0.0,0.0,0.0,0.0,7.0,6.4,7.0,6.0,38.0,1.0,7.0,55596.0
0.0,0.0,0.0,0.0,0.0,1.0,0.0,2.0,2022.0,0.0,0.0,0.0,0.0,12.6,11.0,8.0,6.0,39.0,1.0,8.0,56301.0
0.0,0.0,0.0,0.0,0.0,0.0,1.0,2.0,2022.0,0.0,0.0,0.0,0.0,7.8,14.2,9.0,6.0,40.0,1.0,9.0,55970.0
0.0,0.0,0.0,0.0,1.0,0.0,0.0,2.0,2022.0,0.0,0.0,0.0,0.0,10.3,0.0,10.0,6.0,41.0,1.0,10.0,71485.0
1.0,0.0,0.0,0.0,0.0,0.0,0.0,2.0,2022.0,0.0,0.0,0.0,0.0,12.6,2.9,11.0,6.0,42.0,1.0,11.0,49276.0
0.0,0.0,1.0,0.0,0.0,0.0,0.0,2.0,2022.0,1.0,0.0,0.0,0.0,9.1,0.0,12.0,6.0,43.0,1.0,12.0,37903.0
0.0,0.0,0.0,1.0,0.0,0.0,0.0,2.0,2022.0,1.0,0.0,0.0,0.0,8.4,0.7,13.0,6.0,44.0,1.0,13.0,25880.0
0.0,1.0,0.0,0.0,0.0,0.0,0.0,2.0,2022.0,0.0,0.0,0.0,0.0,10.8,0.0,14.0,7.0,45.0,1.0,14.0,63010.0
0.0,0.0,0.0,0.0,0.0,1.0,0.0,2.0,2022.0,0.0,0.0,0.0,0.0,11.8,2.2,15.0,7.0,46.0,1.0,15.0,61788.0
0.0,0.0,0.0,0.0,0.0,0.0,1.0,2.0,2022.0,0.0,0.0,0.0,0.0,11.7,4.9,16.0,7.0,47.0,1.0,16.0,60807.0
0.0,0.0,0.0,0.0,1.0,0.0,0.0,2.0,2022.0,0.0,0.0,0.0,0.0,7.7,0.8,17.0,7.0,48.0,1.0,17.0,61945.0
1.0,0.0,0.0,0.0,0.0,0.0,0.0,2.0,2022.0,0.0,0.0,0.0,0.0,11.7,5.8,18.0,7.0,49.0,1.0,18.0,54114.0
0.0,0.0,1.0,0.0,0.0,0.0,0.0,2.0,2022.0,1.0,0.0,0.0,0.0,2.9,4.7,19.0,7.0,50.0,1.0,19.0,26252.0
0.0,0.0,0.0,1.0,0.0,0.0,0.0,2.0,2022.0,1.0,0.0,0.0,0.0,9.8,5.8,20.0,7.0,51.0,1.0,20.0,27366.0
0.0,1.0,0.0,0.0,0.0,0.0,0.0,2.0,2022.0,0.0,0.0,0.0,0.0,6.3,4.8,21.0,8.0,52.0,1.0,21.0,62325.0
0.0,0.0,0.0,0.0,0.0,1.0,0.0,2.0,2022.0,0.0,0.0,0.0,0.0,13.2,1.4,22.0,8.0,53.0,1.0,22.0,57520.0
0.0,0.0,0.0,0.0,0.0,0.0,1.0,2.0,2022.0,0.0,0.0,0.0,0.0,10.7,10.5,23.0,8.0,54.0,1.0,23.0,60010.0
0.0,0.0,0.0,0.0,1.0,0.0,0.0,2.0,2022.0,0.0,0.0,0.0,0.0,4.1,3.8,24.0,8.0,55.0,1.0,24.0,47491.0
1.0,0.0,0.0,0.0,0.0,0.0,0.0,2.0,2022.0,0.0,0.0,0.0,0.0,11.0,5.2,25.0,8.0,56.0,1.0,25.0,54370.0
0.0,0.0,1.0,0.0,0.0,0.0,0.0,2.0,2022.0,1.0,0.0,0.0,0.0,5.4,10.5,26.0,8.0,57.0,1.0,26.0,31683.0
0.0,0.0,0.0,1.0,0.0,0.0,0.0,2.0,2022.0,1.0,0.0,0.0,0.0,8.6,14.3,27.0,8.0,58.0,1.0,27.0,28687.0
0.0,1.0,0.0,0.0,0.0,0.0,0.0,2.0,2022.0,0.0,0.0,0.0,0.0,10.3,1.1,28.0,9.0,59.0,1.0,28.0,61944.0
0.0,0.0,0.0,0.0,0.0,1.0,0.0,3.0,2022.0,0.0,0.0,0.0,0.0,15.1,2.0,1.0,9.0,60.0,1.0,1.0,47671.0
0.0,0.0,0.0,0.0,0.0,0.0,1.0,3.0,2022.0,0.0,0.0,0.0,0.0,16.6,4.4,2.0,9.0,61.0,1.0,2.0,62074.0
0.0,0.0,0.0,0.0,1.0,0.0,0.0,3.0,2022.0,0.0,0.0,0.0,0.0,15.7,2.7,3.0,9.0,62.0,1.0,3.0,67221.0
1.0,0.0,0.0,0.0,0.0,0.0,0.0,3.0,2022.0,0.0,0.0,0.0,0.0,17.7,0.0,4.0,9.0,63.0,1.0,4.0,55066.0
0.0,0.0,1.0,0.0,0.0,0.0,0.0,3.0,2022.0,1.0,0.0,0.0,0.0,12.6,0.0,5.0,9.0,64.0,1.0,5.0,40230.0
0.0,0.0,0.0,1.0,0.0,0.0,0.0,3.0,2022.0,1.0,0.0,0.0,0.0,18.1,4.5,6.0,9.0,65.0,1.0,6.0,25194.0
0.0,1.0,0.0,0.0,0.0,0.0,0.0,3.0,2022.0,0.0,0.0,0.0,0.0,17.8,7.6,7.0,10.0,66.0,1.0,7.0,51049.0
0.0,0.0,0.0,0.0,0.0,1.0,0.0,3.0,2022.0,0.0,0.0,0.0,0.0,13.5,7.8,8.0,10.0,67.0,1.0,8.0,55080.0
0.0,0.0,0.0,0.0,0.0,0.0,1.0,3.0,2022.0,0.0,0.0,0.0,0.0,17.1,3.5,9.0,10.0,68.0,1.0,9.0,69631.0
0.0,0.0,0.0,0.0,1.0,0.0,0.0,3.0,2022.0,0.0,0.0,0.0,0.0,19.3,5.0,10.0,10.0,69.0,1.0,10.0,56150.0
1.0,0.0,0.0,0.0,0.0,0.0,0.0,3.0,2022.0,0.0,0.0,0.0,0.0,8.5,0.0,11.0,10.0,70.0,1.0,11.0,58042.0
0.0,0.0,1.0,0.0,0.0,0.0,0.0,3.0,2022.0,1.0,0.0,0.0,0.0,15.5,0.0,12.0,10.0,71.0,1.0,12.0,35076.0
0.0,0.0,0.0,1.0,0.0,0.0,0.0,3.0,2022.0,1.0,0.0,0.0,0.0,13.5,0.0,13.0,10.0,72.0,1.0,13.0,24666.0
0.0,1.0,0.0,0.0,0.0,0.0,0.0,3.0,2022.0,0.0,0.0,0.0,0.0,14.3,0.8,14.0,11.0,73.0,1.0,14.0,61017.0
0.0,0.0,0.0,0.0,0.0,1.0,0.0,3.0,2022.0,0.0,0.0,0.0,0.0,16.2,6.5,15.0,11.0,74.0,1.0,15.0,59188.0
0.0,0.0,0.0,0.0,0.0,0.0,1.0,3.0,2022.0,0.0,0.0,0.0,0.0,12.2,5.6,16.0,11.0,75.0,1.0,16.0,59222.0
0.0,0.0,0.0,0.0,1.0,0.0,0.0,3.0,2022.0,0.0,0.0,0.0,0.0,17.1,0.0,17.0,11.0,76.0,1.0,17.0,61377.0
1.0,0.0,0.0,0.0,0.0,0.0,0.0,3.0,2022.0,0.0,0.0,0.0,0.0,19.9,2.5,18.0,11.0,77.0,1.0,18.0,54054.0
0.0,0.0,1.0,0.0,0.0,0.0,0.0,3.0,2022.0,1.0,0.0,0.0,0.0,18.3,11.5,19.0,11.0,78.0,1.0,19.0,24837.0
0.0,0.0,0.0,1.0,0.0,0.0,0.0,3.0,2022.0,1.0,0.0,1.0,0.0,15.5,8.4,20.0,11.0,79.0,1.0,20.0,18566.0
0.0,1.0,0.0,0.0,0.0,0.0,0.0,3.0,2022.0,0.0,0.0,1.0,0.0,12.9,4.2,21.0,12.0,80.0,1.0,21.0,49376.0
0.0,0.0,0.0,0.0,0.0,1.0,0.0,3.0,2022.0,0.0,0.0,1.0,0.0,22.4,3.2,22.0,12.0,81.0,1.0,22.0,57134.0
0.0,0.0,0.0,0.0,0.0,0.0,1.0,3.0,2022.0,0.0,0.0,1.0,0.0,19.0,0.0,23.0,12.0,82.0,1.0,23.0,43201.0
0.0,0.0,0.0,0.0,1.0,0.0,0.0,3.0,2022.0,0.0,0.0,1.0,0.0,14.3,7.3,24.0,12.0,83.0,1.0,24.0,47670.0
1.0,0.0,0.0,0.0,0.0,0.0,0.0,3.0,2022.0,0.0,0.0,1.0,1.0,18.8,3.3,25.0,12.0,84.0,1.0,25.0,65483.0
0.0,0.0,1.0,0.0,0.0,0.0,0.0,3.0,2022.0,1.0,0.0,1.0,0.0,21.0,2.4,26.0,12.0,85.0,1.0,26.0,37848.0
0.0,0.0,0.0,1.0,0.0,0.0,0.0,3.0,2022.0,1.0,0.0,1.0,0.0,13.7,0.0,27.0,12.0,86.0,1.0,27.0,24461.0
0.0,1.0,0.0,0.0,0.0,0.0,0.0,3.0,2022.0,0.0,0.0,1.0,0.0,16.6,0.0,28.0,13.0,87.0,1.0,28.0,43395.0
0.0,0.0,0.0,0.0,0.0,1.0,0.0,3.0,2022.0,0.0,0.0,1.0,0.0,14.4,0.0,29.0,13.0,88.0,1.0,29.0,55443.0
0.0,0.0,0.0,0.0,0.0,0.0,1.0,3.0,2022.0,0.0,0.0,1.0,0.0,16.9,9.7,30.0,13.0,89.0,1.0,30.0,37617.0
0.0,0.0,0.0,0.0,1.0,0.0,0.0,3.0,2022.0,0.0,0.0,1.0,0.0,13.1,3.2,31.0,13.0,90.0,1.0,31.0,41357.0
1.0,0.0,0.0,0.0,0.0,0.0,0.0,4.0,2022.0,0.0,0.0,1.0,0.0,24.1,1.4,1.0,13.0,91.0,2.0,1.0,45319.0
0.0,0.0,1.0,0.0,0.0,0.0,0.0,4.0,2022.0,1.0,0.0,1.0,0.0,22.0,0.4,2.0,13.0,92.0,2.0,2.0,33861.0
0.0,0.0,0.0,1.0,0.0,0.0,0.0,4.0,2022.0,1.0,0.0,1.0,0.0,24.1,1.0,3.0,13.0,93.0,2.0,3.0,20567.0
0.0,1.0,0.0,0.0,0.0,0.0,0.0,4.0,2022.0,0.0,0.0,0.0,0.0,24.0,3.6,4.0,14.0,94.0,2.0,4.0,62580.0
0.0,0.0,0.0,0.0,0.0,1.0,0.0,4.0,2022.0,0.0,0.0,0.0,0.0,19.7,0.0,5.0,14.0,95.0,2.0,5.0,60993.0
0.0,0.0,0.0,0.0,0.0,0.0,1.0,4.0,2022.0,0.0,0.0,0.0,0.0,24.2,0.0,6.0,14.0,96.0,2.0,6.0,69903.0
0.0,0.0,0.0,0.0,1.0,0.0,0.0,4.0,2022.0,0.0,0.0,0.0,0.0,15.8,0.0,7.0,14.0,97.0,2.0,7.0,51279.0
1.0,0.0,0.0,0.0,0.0,0.0,0.0,4.0,2022.0,0.0,0.0,0.0,0.0,20.7,0.0,8.0,14.0,98.0,2.0,8.0,61401.0
0.0,0.0,1.0,0.0,0.0,0.0,0.0,4.0,2022.0,1.0,0.0,0.0,0.0,16.7,0.0,9.0,14.0,99.0,2.0,9.0,32346.0
0.0,0.0,0.0,1.0,0.0,0.0,0.0,4.0,2022.0,1.0,0.0,0.0,0.0,25.9,0.0,10.0,14.0,100.0,2.0,10.0,25744.0
0.0,1.0,0.0,0.0,0.0,0.0,0.0,4.0,2022.0,0.0,0.0,0.0,0.0,21.4,0.2,11.0,15.0,101.0,2.0,11.0,58440.0
0.0,0.0,0.0,0.0,0.0,1.0,0.0,4.0,2022.0,0.0,0.0,0.0,0.0,13.7,0.0,12.0,15.0,102.0,2.0,12.0,63354.0
0.0,0.0,0.0,0.0,0.0,0.0,1.0,4.0,2022.0,0.0,0.0,0.0,0.0,21.0,0.0,13.0,15.0,103.0,2.0,13.0,58744.0
0.0,0.0,0.0,0.0,1.0,0.0,0.0,4.0,2022.0,0.0,0.0,0.0,0.0,22.4,0.0,14.0,15.0,104.0,2.0,14.0,60384.0
1.0,0.0,0.0,0.0,0.0,0.0,0.0,4.0,2022.0,0.0,0.0,0.0,0.0,23.0,0.0,15.0,15.0,105.0,2.0,15.0,58213.0
0.0,0.0,1.0,0.0,0.0,0.0,0.0,4.0,2022.0,1.0,0.0,0.0,0.0,22.8,1.2,16.0,15.0,106.0,2.0,16.0,38037.0
0.0,0.0,0.0,1.0,0.0,0.0,0.0,4.0,2022.0,1.0,0.0,0.0,0.0,20.3,0.0,17.0,15.0,107.0,2.0,17.0,25558.0
0.0,1.0,0.0,0.0,0.0,0.0,0.0,4.0,2022.0,0.0,0.0,0.0,0.0,22.1,0.0,18.0,16.0,108.0,2.0,18.0,52988.0
0.0,0.0,0.0,0.0,0.0,1.0,0.0,4.0,2022.0,0.0,0.0,0.0,0.0,21.9,0.0,19.0,16.0,109.0,2.0,19.0,57965.0
0.0,0.0,0.0,0.0,0.0,0.0,1.0,4.0,2022.0,0.0,0.0,0.0,0.0,23.0,2.3,20.0,16.0,110.0,2.0,20.0,55368.0
0.0,0.0,0.0,0.0,1.0,0.0,0.0,4.0,2022.0,0.0,0.0,0.0,0.0,14.0,0.1,21.0,16.0,111.0,2.0,21.0,66219.0
1.0,0.0,0.0,0.0,0.0,0.0,0.0,4.0,2022.0,0.0,0.0,0.0,0.0,23.5,0.4,22.0,16.0,112.0,2.0,22.0,64620.0
0.0,0.0,1.0,0.0,0.0,0.0,0.0,4.0,2022.0,1.0,0.0,0.0,0.0,21.8,0.0,23.0,16.0,113.0,2.0,23.0,36717.0
0.0,0.0,0.0,1.0,0.0,0.0,0.0,4.0,2022.0,1.0,0.0,0.0,0.0,19.8,0.0,24.0,16.0,114.0,2.0,24.0,25787.0
0.0,1.0,0.0,0.0,0.0,0.0,0.0,4.0,2022.0,0.0,0.0,0.0,0.0,22.1,0.0,25.0,17.0,115.0,2.0,25.0,57758.0
0.0,0.0,0.0,0.0,0.0,1.0,0.0,4.0,2022.0,0.0,0.0,0.0,0.0,21.5,1.2,26.0,17.0,116.0,2.0,26.0,54491.0
0.0,0.0,0.0,0.0,0.0,0.0,1.0,4.0,2022.0,0.0,0.0,0.0,0.0,18.0,0.0,27.0,17.0,117.0,2.0,27.0,64839.0
0.0,0.0,0.0,0.0,1.0,0.0,0.0,4.0,2022.0,0.0,0.0,0.0,0.0,17.3,2.5,28.0,17.0,118.0,2.0,28.0,47441.0
1.0,0.0,0.0,0.0,0.0,0.0,0.0,4.0,2022.0,0.0,0.0,0.0,0.0,23.1,0.6,29.0,17.0,119.0,2.0,29.0,60213.0
0.0,0.0,1.0,0.0,0.0,0.0,0.0,4.0,2022.0,1.0,0.0,0.0,0.0,25.2,0.0,30.0,17.0,120.0,2.0,30.0,28065.0
0.0,0.0,0.0,1.0,0.0,0.0,0.0,5.0,2022.0,1.0,1.0,0.0,0.0,27.2,0.7,1.0,17.0,121.0,2.0,1.0,14216.0
0.0,1.0,0.0,0.0,0.0,0.0,0.0,5.0,2022.0,0.0,0.0,0.0,0.0,24.3,0.7,2.0,18.0,122.0,2.0,2.0,65823.0
0.0,0.0,0.0,0.0,0.0,1.0,0.0,5.0,2022.0,0.0,0.0,0.0,0.0,22.3,0.0,3.0,18.0,123.0,2.0,3.0,71183.0
0.0,0.0,0.0,0.0,0.0,0.0,1.0,5.0,2022.0,0.0,0.0,0.0,0.0,30.8,1.8,4.0,18.0,124.0,2.0,4.0,68299.0
0.0,0.0,0.0,0.0,1.0,0.0,0.0,5.0,2022.0,0.0,0.0,0.0,0.0,21.4,0.0,5.0,18.0,125.0,2.0,5.0,65742.0
1.0,0.0,0.0,0.0,0.0,0.0,0.0,5.0,2022.0,0.0,0.0,0.0,0.0,21.6,2.3,6.0,18.0,126.0,2.0,6.0,58882.0
0.0,0.0,1.0,0.0,0.0,0.0,0.0,5.0,2022.0,1.0,0.0,0.0,0.0,23.1,2.3,7.0,18.0,127.0,2.0,7.0,36416.0
0.0,0.0,0.0,1.0,0.0,0.0,0.0,5.0,2022.0,1.0,0.0,0.0,0.0,24.1,1.8,8.0,18.0,128.0,2.0,8.0,27398.0
0.0,1.0,0.0,0.0,0.0,0.0,0.0,5.0,2022.0,0.0,0.0,0.0,0.0,27.0,1.9,9.0,19.0,129.0,2.0,9.0,80848.0
0.0,0.0,0.0,0.0,0.0,1.0,0.0,5.0,2022.0,0.0,0.0,0.0,0.0,24.7,1.5,10.0,19.0,130.0,2.0,10.0,59138.0
0.0,0.0,0.0,0.0,0.0,0.0,1.0,5.0,2022.0,0.0,0.0,0.0,0.0,28.8,1.0,11.0,19.0,131.0,2.0,11.0,76236.0
0.0,0.0,0.0,0.0,1.0,0.0,0.0,5.0,2022.0,0.0,0.0,0.0,0.0,24.4,2.0,12.0,19.0,132.0,2.0,12.0,62835.0
1.0,0.0,0.0,0.0,0.0,0.0,0.0,5.0,2022.0,0.0,0.0,0.0,0.0,23.0,2.9,13.0,19.0,133.0,2.0,13.0,55618.0
0.0,0.0,1.0,0.0,0.0,0.0,0.0,5.0,2022.0,1.0,0.0,0.0,0.0,27.4,2.4,14.0,19.0,134.0,2.0,14.0,34842.0
0.0,0.0,0.0,1.0,0.0,0.0,0.0,5.0,2022.0,1.0,0.0,0.0,1.0,22.4,1.0,15.0,19.0,135.0,2.0,15.0,42994.0
0.0,1.0,0.0,0.0,0.0,0.0,0.0,5.0,2022.0,0.0,0.0,0.0,0.0,26.2,1.0,16.0,20.0,136.0,2.0,16.0,72240.0
0.0,0.0,0.0,0.0,0.0,1.0,0.0,5.0,2022.0,0.0,0.0,0.0,0.0,20.0,0.0,17.0,20.0,137.0,2.0,17.0,61139.0
0.0,0.0,0.0,0.0,0.0,0.0,1.0,5.0,2022.0,0.0,0.0,0.0,0.0,21.5,0.1,18.0,20.0,138.0,2.0,18.0,54980.0
0.0,0.0,0.0,0.0,1.0,0.0,0.0,5.0,2022.0,0.0,0.0,0.0,0.0,24.0,0.0,19.0,20.0,139.0,2.0,19.0,70939.0
1.0,0.0,0.0,0.0,0.0,0.0,0.0,5.0,2022.0,0.0,0.0,0.0,0.0,21.2,1.9,20.0,20.0,140.0,2.0,20.0,61069.0
0.0,0.0,1.0,0.0,0.0,0.0,0.0,5.0,2022.0,1.0,0.0,0.0,0.0,21.2,1.6,21.0,20.0,141.0,2.0,21.0,34725.0
0.0,0.0,0.0,1.0,0.0,0.0,0.0,5.0,2022.0,1.0,0.0,0.0,0.0,24.5,0.9,22.0,20.0,142.0,2.0,22.0,33458.0
0.0,1.0,0.0,0.0,0.0,0.0,0.0,5.0,2022.0,0.0,0.0,0.0,0.0,20.3,0.0,23.0,21.0,143.0,2.0,23.0,53447.0
0.0,0.0,0.0,0.0,0.0,1.0,0.0,5.0,2022.0,0.0,0.0,0.0,0.0,25.0,0.3,24.0,21.0,144.0,2.0,24.0,58980.0
0.0,0.0,0.0,0.0,0.0,0.0,1.0,5.0,2022.0,0.0,0.0,0.0,0.0,23.0,2.3,25.0,21.0,145.0,2.0,25.0,66579.0
0.0,0.0,0.0,0.0,1.0,0.0,0.0,5.0,2022.0,0.0,0.0,0.0,0.0,21.3,0.0,26.0,21.0,146.0,2.0,26.0,76995.0
1.0,0.0,0.0,0.0,0.0,0.0,0.0,5.0,2022.0,0.0,0.0,0.0,0.0,26.8,0.0,27.0,21.0,147.0,2.0,27.0,67175.0
0.0,0.0,1.0,0.0,0.0,0.0,0.0,5.0,2022.0,1.0,0.0,0.0,0.0,25.4,2.0,28.0,21.0,148.0,2.0,28.0,37586.0
0.0,0.0,0.0,1.0,0.0,0.0,0.0,5.0,2022.0,1.0,0.0,0.0,0.0,25.8,0.0,29.0,21.0,149.0,2.0,29.0,23153.0
0.0,1.0,0.0,0.0,0.0,0.0,0.0,5.0,2022.0,0.0,0.0,0.0,0.0,30.7,1.8,30.0,22.0,150.0,2.0,30.0,72195.0
0.0,0.0,0.0,0.0,0.0,1.0,0.0,5.0,2022.0,0.0,0.0,0.0,0.0,28.9,0.0,31.0,22.0,151.0,2.0,31.0,62750.0
0.0,0.0,0.0,0.0,0.0,0.0,1.0,6.0,2022.0,0.0,0.0,0.0,0.0,21.8,0.3,1.0,22.0,152.0,2.0,1.0,53099.0
0.0,0.0,0.0,0.0,1.0,0.0,0.0,6.0,2022.0,0.0,0.0,0.0,0.0,22.5,2.1,2.0,22.0,153.0,2.0,2.0,64376.0
1.0,0.0,0.0,0.0,0.0,0.0,0.0,6.0,2022.0,0.0,0.0,0.0,0.0,21.0,0.7,3.0,22.0,154.0,2.0,3.0,63899.0
0.0,0.0,1.0,0.0,0.0,0.0,0.0,6.0,2022.0,1.0,0.0,0.0,0.0,25.3,0.0,4.0,22.0,155.0,2.0,4.0,42929.0
0.0,0.0,0.0,1.0,0.0,0.0,0.0,6.0,2022.0,1.0,0.0,0.0,0.0,26.6,0.0,5.0,22.0,156.0,2.0,5.0,31929.0
0.0,1.0,0.0,0.0,0.0,0.0,0.0,6.0,2022.0,0.0,0.0,0.0,0.0,24.9,1.5,6.0,23.0,157.0,2.0,6.0,50281.0
0.0,0.0,0.0,0.0,0.0,1.0,0.0,6.0,2022.0,0.0,0.0,0.0,0.0,25.8,0.0,7.0,23.0,158.0,2.0,7.0,65161.0
0.0,0.0,0.0,0.0,0.0,0.0,1.0,6.0,2022.0,0.0,0.0,0.0,0.0,31.5,1.8,8.0,23.0,159.0,2.0,8.0,70700.0
0.0,0.0,0.0,0.0,1.0,0.0,0.0,6.0,2022.0,0.0,0.0,0.0,0.0,25.7,0.0,9.0,23.0,160.0,2.0,9.0,67661.0
1.0,0.0,0.0,0.0,0.0,0.0,0.0,6.0,2022.0,0.0,0.0,0.0,0.0,24.0,0.0,10.0,23.0,161.0,2.0,10.0,58982.0
0.0,0.0,1.0,0.0,0.0,0.0,0.0,6.0,2022.0,1.0,0.0,0.0,0.0,29.4,0.5,11.0,23.0,162.0,2.0,11.0,37998.0
0.0,0.0,0.0,1.0,0.0,0.0,0.0,6.0,2022.0,1.0,0.0,0.0,0.0,21.0,0.9,12.0,23.0,163.0,2.0,12.0,19781.0
0.0,1.0,0.0,0.0,0.0,0.0,0.0,6.0,2022.0,0.0,0.0,0.0,0.0,17.7,0.0,13.0,24.0,164.0,2.0,13.0,66307.0
0.0,0.0,0.0,0.0,0.0,1.0,0.0,6.0,2022.0,0.0,0.0,0.0,0.0,24.8,0.0,14.0,24.0,165.0,2.0,14.0,61411.0
0.0,0.0,0.0,0.0,0.0,0.0,1.0,6.0,2022.0,0.0,0.0,0.0,0.0,17.5,0.9,15.0,24.0,166.0,2.0,15.0,61612.0
0.0,0.0,0.0,0.0,1.0,0.0,0.0,6.0,2022.0,0.0,0.0,0.0,0.0,24.5,0.4,16.0,24.0,167.0,2.0,16.0,59105.0
1.0,0.0,0.0,0.0,0.0,0.0,0.0,6.0,2022.0,0.0,0.0,0.0,0.0,28.1,0.0,17.0,24.0,168.0,2.0,17.0,68171.0
0.0,0.0,1.0,0.0,0.0,0.0,0.0,6.0,2022.0,1.0,0.0,0.0,0.0,25.9,0.0,18.0,24.0,169.0,2.0,18.0,32786.0
0.0,0.0,0.0,1.0,0.0,0.0,0.0,6.0,2022.0,1.0,0.0,0.0,0.0,20.7,1.4,19.0,24.0,170.0,2.0,19.0,22668.0
0.0,1.0,0.0,0.0,0.0,0.0,0.0,6.0,2022.0,0.0,0.0,0.0,0.0,24.1,0.0,20.0,25.0,171.0,2.0,20.0,69964.0
0.0,0.0,0.0,0.0,0.0,1.0,0.0,6.0,2022.0,0.0,0.0,0.0,0.0,23.9,0.1,21.0,25.0,172.0,2.0,21.0,66994.0
0.0,0.0,0.0,0.0,0.0,0.0,1.0,6.0,2022.0,0.0,0.0,0.0,0.0,25.8,0.7,22.0,25.0,173.0,2.0,22.0,67692.0
0.0,0.0,0.0,0.0,1.0,0.0,0.0,6.0,2022.0,0.0,0.0,0.0,0.0,26.7,0.0,23.0,25.0,174.0,2.0,23.0,65790.0
1.0,0.0,0.0,0.0,0.0,0.0,0.0,6.0,2022.0,0.0,0.0,0.0,0.0,24.9,0.0,24.0,25.0,175.0,2.0,24.0,53287.0
0.0,0.0,1.0,0.0,0.0,0.0,0.0,6.0,2022.0,1.0,0.0,1.0,0.0,25.5,1.0,25.0,25.0,176.0,2.0,25.0,28224.0
0.0,0.0,0.0,1.0,0.0,0.0,0.0,6.0,2022.0,1.0,0.0,1.0,0.0,26.7,1.2,26.0,25.0,177.0,2.0,26.0,21753.0
0.0,1.0,0.0,0.0,0.0,0.0,0.0,6.0,2022.0,0.0,0.0,1.0,0.0,22.3,0.0,27.0,26.0,178.0,2.0,27.0,54495.0
0.0,0.0,0.0,0.0,0.0,1.0,0.0,6.0,2022.0,0.0,0.0,1.0,0.0,25.3,0.0,28.0,26.0,179.0,2.0,28.0,71277.0
0.0,0.0,0.0,0.0,0.0,0.0,1.0,6.0,2022.0,0.0,0.0,1.0,0.0,27.2,0.0,29.0,26.0,180.0,2.0,29.0,54076.0
0.0,0.0,0.0,0.0,1.0,0.0,0.0,6.0,2022.0,0.0,0.0,1.0,0.0,25.7,0.0,30.0,26.0,181.0,2.0,30.0,52897.0
1.0,0.0,0.0,0.0,0.0,0.0,0.0,7.0,2022.0,0.0,0.0,1.0,0.0,22.5,0.0,1.0,26.0,182.0,3.0,1.0,46885.0
0.0,0.0,1.0,0.0,0.0,0.0,0.0,7.0,2022.0,1.0,0.0,1.0,0.0,23.9,0.0,2.0,26.0,183.0,3.0,2.0,21629.0
0.0,0.0,0.0,1.0,0.0,0.0,0.0,7.0,2022.0,1.0,0.0,1.0,0.0,23.1,2.7,3.0,26.0,184.0,3.0,3.0,27500.0
0.0,1.0,0.0,0.0,0.0,0.0,0.0,7.0,2022.0,0.0,0.0,1.0,0.0,21.7,0.0,4.0,27.0,185.0,3.0,4.0,54347.0
0.0,0.0,0.0,0.0,0.0,1.0,0.0,7.0,2022.0,0.0,0.0,1.0,0.0,16.0,2.4,5.0,27.0,186.0,3.0,5.0,49815.0
0.0,0.0,0.0,0.0,0.0,0.0,1.0,7.0,2022.0,0.0,0.0,1.0,0.0,26.0,3.8,6.0,27.0,187.0,3.0,6.0,55585.0
0.0,0.0,0.0,0.0,1.0,0.0,0.0,7.0,2022.0,0.0,0.0,1.0,0.0,21.0,2.9,7.0,27.0,188.0,3.0,7.0,53616.0
1.0,0.0,0.0,0.0,0.0,0.0,0.0,7.0,2022.0,0.0,0.0,1.0,0.0,20.9,2.3,8.0,27.0,189.0,3.0,8.0,51570.0
0.0,0.0,1.0,0.0,0.0,0.0,0.0,7.0,2022.0,1.0,0.0,1.0,0.0,21.2,0.0,9.0,27.0,190.0,3.0,9.0,30233.0
0.0,0.0,0.0,1.0,0.0,0.0,0.0,7.0,2022.0,1.0,0.0,1.0,0.0,20.3,0.9,10.0,27.0,191.0,3.0,10.0,33760.0
0.0,1.0,0.0,0.0,0.0,0.0,0.0,7.0,2022.0,0.0,0.0,1.0,0.0,18.6,5.3,11.0,28.0,192.0,3.0,11.0,43302.0
0.0,0.0,0.0,0.0,0.0,1.0,0.0,7.0,2022.0,0.0,0.0,1.0,0.0,21.8,0.0,12.0,28.0,193.0,3.0,12.0,48200.0
0.0,0.0,0.0,0.0,0.0,0.0,1.0,7.0,2022.0,0.0,0.0,1.0,0.0,20.0,0.0,13.0,28.0,194.0,3.0,13.0,49401.0
0.0,0.0,0.0,0.0,1.0,0.0,0.0,7.0,2022.0,0.0,0.0,1.0,0.0,26.1,0.2,14.0,28.0,195.0,3.0,14.0,47433.0
1.0,0.0,0.0,0.0,0.0,0.0,0.0,7.0,2022.0,0.0,0.0,1.0,0.0,24.2,0.0,15.0,28.0,196.0,3.0,15.0,38480.0
0.0,0.0,1.0,0.0,0.0,0.0,0.0,7.0,2022.0,1.0,0.0,1.0,0.0,22.3,1.7,16.0,28.0,197.0,3.0,16.0,26213.0
0.0,0.0,0.0,1.0,0.0,0.0,0.0,7.0,2022.0,1.0,0.0,1.0,0.0,24.6,3.9,17.0,28.0,198.0,3.0,17.0,17379.0
0.0,1.0,0.0,0.0,0.0,0.0,0.0,7.0,2022.0,0.0,0.0,1.0,0.0,24.5,0.7,18.0,29.0,199.0,3.0,18.0,54767.0
0.0,0.0,0.0,0.0,0.0,1.0,0.0,7.0,2022.0,0.0,0.0,1.0,0.0,26.6,0.0,19.0,29.0,200.0,3.0,19.0,47178.0
0.0,0.0,0.0,0.0,0.0,0.0,1.0,7.0,2022.0,0.0,0.0,1.0,0.0,25.6,0.0,20.0,29.0,201.0,3.0,20.0,47282.0
0.0,0.0,0.0,0.0,1.0,0.0,0.0,7.0,2022.0,0.0,0.0,1.0,0.0,19.3,2.1,21.0,29.0,202.0,3.0,21.0,44955.0
1.0,0.0,0.0,0.0,0.0,0.0,0.0,7.0,2022.0,0.0,0.0,1.0,0.0,17.3,4.1,22.0,29.0,203.0,3.0,22.0,45482.0
0.0,0.0,1.0,0.0,0.0,0.0,0.0,7.0,2022.0,1.0,0.0,1.0,0.0,21.1,0.1,23.0,29.0,204.0,3.0,23.0,27399.0
0.0,0.0,0.0,1.0,0.0,0.0,0.0,7.0,2022.0,1.0,0.0,1.0,0.0,22.0,1.3,24.0,29.0,205.0,3.0,24.0,24187.0
0.0,1.0,0.0,0.0,0.0,0.0,0.0,7.0,2022.0,0.0,0.0,1.0,0.0,19.2,0.1,25.0,30.0,206.0,3.0,25.0,45964.0
0.0,0.0,0.0,0.0,0.0,1.0,0.0,7.0,2022.0,0.0,0.0,1.0,0.0,24.8,1.5,26.0,30.0,207.0,3.0,26.0,55744.0
0.0,0.0,0.0,0.0,0.0,0.0,1.0,7.0,2022.0,0.0,0.0,1.0,0.0,23.2,0.0,27.0,30.0,208.0,3.0,27.0,46129.0
0.0,0.0,0.0,0.0,1.0,0.0,0.0,7.0,2022.0,0.0,0.0,1.0,0.0,26.1,1.6,28.0,30.0,209.0,3.0,28.0,46485.0
1.0,0.0,0.0,0.0,0.0,0.0,0.0,7.0,2022.0,0.0,0.0,1.0,0.0,23.5,0.0,29.0,30.0,210.0,3.0,29.0,47006.0
0.0,0.0,1.0,0.0,0.0,0.0,0.0,7.0,2022.0,1.0,1.0,1.0,0.0,19.2,0.2,30.0,30.0,211.0,3.0,30.0,13918.0
0.0,0.0,0.0,1.0,0.0,0.0,0.0,7.0,2022.0,1.0,0.0,1.0,0.0,27.4,2.8,31.0,30.0,212.0,3.0,31.0,25903.0
0.0,1.0,0.0,0.0,0.0,0.0,0.0,8.0,2022.0,0.0,0.0,1.0,0.0,20.3,1.4,1.0,31.0,213.0,3.0,1.0,53982.0
0.0,0.0,0.0,0.0,0.0,1.0,0.0,8.0,2022.0,0.0,0.0,1.0,0.0,15.7,0.0,2.0,31.0,214.0,3.0,2.0,47075.0
0.0,0.0,0.0,0.0,0.0,0.0,1.0,8.0,2022.0,0.0,0.0,1.0,0.0,22.8,1.9,3.0,31.0,215.0,3.0,3.0,55694.0
0.0,0.0,0.0,0.0,1.0,0.0,0.0,8.0,2022.0,0.0,0.0,1.0,0.0,24.2,0.7,4.0,31.0,216.0,3.0,4.0,42660.0
1.0,0.0,0.0,0.0,0.0,0.0,0.0,8.0,2022.0,0.0,0.0,1.0,0.0,18.8,0.3,5.0,31.0,217.0,3.0,5.0,47424.0
0.0,0.0,1.0,0.0,0.0,0.0,0.0,8.0,2022.0,1.0,0.0,1.0,0.0,18.1,0.4,6.0,31.0,218.0,3.0,6.0,23517.0
0.0,0.0,0.0,1.0,0.0,0.0,0.0,8.0,2022.0,1.0,0.0,1.0,0.0,14.0,2.6,7.0,31.0,219.0,3.0,7.0,18484.0
0.0,1.0,0.0,0.0,0.0,0.0,0.0,8.0,2022.0,0.0,0.0,1.0,0.0,20.4,0.0,8.0,32.0,220.0,3.0,8.0,51746.0
0.0,0.0,0.0,0.0,0.0,1.0,0.0,8.0,2022.0,0.0,0.0,1.0,0.0,19.7,0.0,9.0,32.0,221.0,3.0,9.0,53643.0
0.0,0.0,0.0,0.0,0.0,0.0,1.0,8.0,2022.0,0.0,0.0,1.0,0.0,13.4,0.0,10.0,32.0,222.0,3.0,10.0,41506.0
0.0,0.0,0.0,0.0,1.0,0.0,0.0,8.0,2022.0,0.0,0.0,1.0,0.0,20.3,1.6,11.0,32.0,223.0,3.0,11.0,47141.0
1.0,0.0,0.0,0.0,0.0,0.0,0.0,8.0,2022.0,0.0,0.0,1.0,0.0,24.5,0.0,12.0,32.0,224.0,3.0,12.0,45295.0
0.0,0.0,1.0,0.0,0.0,0.0,0.0,8.0,2022.0,1.0,0.0,1.0,0.0,18.8,2.1,13.0,32.0,225.0,3.0,13.0,20552.0
0.0,0.0,0.0,1.0,0.0,0.0,0.0,8.0,2022.0,1.0,1.0,1.0,0.0,19.3,0.0,14.0,32.0,226.0,3.0,14.0,17111.0
0.0,1.0,0.0,0.0,0.0,0.0,0.0,8.0,2022.0,0.0,0.0,1.0,0.0,19.6,2.1,15.0,33.0,227.0,3.0,15.0,54623.0
0.0,0.0,0.0,0.0,0.0,1.0,0.0,8.0,2022.0,0.0,0.0,1.0,0.0,18.4,1.4,16.0,33.0,228.0,3.0,16.0,47548.0
0.0,0.0,0.0,0.0,0.0,0.0,1.0,8.0,2022.0,0.0,0.0,1.0,0.0,22.0,0.0,17.0,33.0,229.0,3.0,17.0,44326.0
0.0,0.0,0.0,0.0,1.0,0.0,0.0,8.0,2022.0,0.0,0.0,1.0,0.0,23.1,0.0,18.0,33.0,230.0,3.0,18.0,55522.0
1.0,0.0,0.0,0.0,0.0,0.0,0.0,8.0,2022.0,0.0,0.0,1.0,0.0,23.4,0.7,19.0,33.0,231.0,3.0,19.0,41206.0
0.0,0.0,1.0,0.0,0.0,0.0,0.0,8.0,2022.0,1.0,1.0,1.0,0.0,17.3,2.4,20.0,33.0,232.0,3.0,20.0,16254.0
0.0,0.0,0.0,1.0,0.0,0.0,0.0,8.0,2022.0,1.0,1.0,1.0,0.0,17.5,0.2,21.0,33.0,233.0,3.0,21.0,9761.0
0.0,1.0,0.0,0.0,0.0,0.0,0.0,8.0,2022.0,0.0,0.0,1.0,0.0,20.9,0.0,22.0,34.0,234.0,3.0,22.0,50623.0
0.0,0.0,0.0,0.0,0.0,1.0,0.0,8.0,2022.0,0.0,0.0,1.0,0.0,20.9,3.7,23.0,34.0,235.0,3.0,23.0,33886.0
0.0,0.0,0.0,0.0,0.0,0.0,1.0,8.0,2022.0,0.0,0.0,1.0,0.0,21.5,2.8,24.0,34.0,236.0,3.0,24.0,44387.0
0.0,0.0,0.0,0.0,1.0,0.0,0.0,8.0,2022.0,0.0,0.0,1.0,0.0,18.5,1.3,25.0,34.0,237.0,3.0,25.0,48542.0
1.0,0.0,0.0,0.0,0.0,0.0,0.0,8.0,2022.0,0.0,0.0,1.0,0.0,21.8,3.0,26.0,34.0,238.0,3.0,26.0,61494.0
0.0,0.0,1.0,0.0,0.0,0.0,0.0,8.0,2022.0,1.0,0.0,1.0,0.0,23.1,0.7,27.0,34.0,239.0,3.0,27.0,31568.0
0.0,0.0,0.0,1.0,0.0,0.0,0.0,8.0,2022.0,1.0,0.0,1.0,0.0,24.5,1.3,28.0,34.0,240.0,3.0,28.0,28621.0
0.0,1.0,0.0,0.0,0.0,0.0,0.0,8.0,2022.0,0.0,0.0,1.0,0.0,20.0,4.1,29.0,35.0,241.0,3.0,29.0,39829.0
0.0,0.0,0.0,0.0,0.0,1.0,0.0,8.0,2022.0,0.0,0.0,1.0,0.0,15.8,0.4,30.0,35.0,242.0,3.0,30.0,51722.0
0.0,0.0,0.0,0.0,0.0,0.0,1.0,8.0,2022.0,0.0,0.0,1.0,0.0,16.0,0.2,31.0,35.0,243.0,3.0,31.0,43176.0
0.0,0.0,0.0,0.0,1.0,0.0,0.0,9.0,2022.0,0.0,0.0,1.0,0.0,14.7,2.6,1.0,35.0,244.0,3.0,1.0,41260.0
1.0,0.0,0.0,0.0,0.0,0.0,0.0,9.0,2022.0,0.0,0.0,0.0,0.0,17.0,0.0,2.0,35.0,245.0,3.0,2.0,64756.0
0.0,0.0,1.0,0.0,0.0,0.0,0.0,9.0,2022.0,1.0,0.0,0.0,0.0,16.9,0.0,3.0,35.0,246.0,3.0,3.0,36326.0
0.0,0.0,0.0,1.0,0.0,0.0,0.0,9.0,2022.0,1.0,0.0,0.0,0.0,11.8,0.0,4.0,35.0,247.0,3.0,4.0,16998.0
0.0,1.0,0.0,0.0,0.0,0.0,0.0,9.0,2022.0,0.0,0.0,0.0,1.0,16.0,0.7,5.0,36.0,248.0,3.0,5.0,88771.0
0.0,0.0,0.0,0.0,0.0,1.0,0.0,9.0,2022.0,0.0,0.0,0.0,0.0,12.2,3.1,6.0,36.0,249.0,3.0,6.0,68670.0
0.0,0.0,0.0,0.0,0.0,0.0,1.0,9.0,2022.0,0.0,0.0,0.0,0.0,14.2,0.0,7.0,36.0,250.0,3.0,7.0,57254.0
0.0,0.0,0.0,0.0,1.0,0.0,0.0,9.0,2022.0,0.0,0.0,0.0,0.0,17.0,1.7,8.0,36.0,251.0,3.0,8.0,61845.0
1.0,0.0,0.0,0.0,0.0,0.0,0.0,9.0,2022.0,0.0,0.0,0.0,0.0,12.0,3.4,9.0,36.0,252.0,3.0,9.0,51665.0
0.0,0.0,1.0,0.0,0.0,0.0,0.0,9.0,2022.0,1.0,0.0,0.0,0.0,9.8,1.2,10.0,36.0,253.0,3.0,10.0,37954.0
0.0,0.0,0.0,1.0,0.0,0.0,0.0,9.0,2022.0,1.0,0.0,0.0,0.0,17.0,1.2,11.0,36.0,254.0,3.0,11.0,26813.0
0.0,1.0,0.0,0.0,0.0,0.0,0.0,9.0,2022.0,0.0,0.0,0.0,0.0,13.5,0.0,12.0,37.0,255.0,3.0,12.0,65265.0
0.0,0.0,0.0,0.0,0.0,1.0,0.0,9.0,2022.0,0.0,0.0,0.0,0.0,15.9,0.0,13.0,37.0,256.0,3.0,13.0,71720.0
0.0,0.0,0.0,0.0,0.0,0.0,1.0,9.0,2022.0,0.0,0.0,0.0,0.0,19.4,0.0,14.0,37.0,257.0,3.0,14.0,49010.0
0.0,0.0,0.0,0.0,1.0,0.0,0.0,9.0,2022.0,0.0,0.0,0.0,0.0,14.1,0.0,15.0,37.0,258.0,3.0,15.0,61160.0
1.0,0.0,0.0,0.0,0.0,0.0,0.0,9.0,2022.0,0.0,0.0,0.0,0.0,11.6,0.2,16.0,37.0,259.0,3.0,16.0,52825.0
0.0,0.0,1.0,0.0,0.0,0.0,0.0,9.0,2022.0,1.0,0.0,0.0,0.0,17.4,0.0,17.0,37.0,260.0,3.0,17.0,39405.0
0.0,0.0,0.0,1.0,0.0,0.0,0.0,9.0,2022.0,1.0,0.0,0.0,0.0,14.1,2.3,18.0,37.0,261.0,3.0,18.0,21410.0
0.0,1.0,0.0,0.0,0.0,0.0,0.0,9.0,2022.0,0.0,0.0,0.0,0.0,13.5,0.0,19.0,38.0,262.0,3.0,19.0,64740.0
0.0,0.0,0.0,0.0,0.0,1.0,0.0,9.0,2022.0,0.0,0.0,0.0,0.0,14.3,0.0,20.0,38.0,263.0,3.0,20.0,62926.0
0.0,0.0,0.0,0.0,0.0,0.0,1.0,9.0,2022.0,0.0,0.0,0.0,0.0,13.9,0.0,21.0,38.0,264.0,3.0,21.0,60935.0
0.0,0.0,0.0,0.0,1.0,0.0,0.0,9.0,2022.0,0.0,0.0,0.0,0.0,16.8,1.5,22.0,38.0,265.0,3.0,22.0,64951.0
1.0,0.0,0.0,0.0,0.0,0.0,0.0,9.0,2022.0,0.0,0.0,0.0,0.0,14.2,0.0,23.0,38.0,266.0,3.0,23.0,56848.0
0.0,0.0,1.0,0.0,0.0,0.0,0.0,9.0,2022.0,1.0,0.0,0.0,0.0,13.7,0.0,24.0,38.0,267.0,3.0,24.0,33203.0
0.0,0.0,0.0,1.0,0.0,0.0,0.0,9.0,2022.0,1.0,0.0,0.0,0.0,15.7,2.2,25.0,38.0,268.0,3.0,25.0,33742.0
0.0,1.0,0.0,0.0,0.0,0.0,0.0,9.0,2022.0,0.0,0.0,0.0,0.0,17.8,0.0,26.0,39.0,269.0,3.0,26.0,61015.0
0.0,0.0,0.0,0.0,0.0,1.0,0.0,9.0,2022.0,0.0,0.0,0.0,0.0,21.4,2.3,27.0,39.0,270.0,3.0,27.0,67958.0
0.0,0.0,0.0,0.0,0.0,0.0,1.0,9.0,2022.0,0.0,0.0,0.0,0.0,12.1,0.0,28.0,39.0,271.0,3.0,28.0,53137.0
0.0,0.0,0.0,0.0,1.0,0.0,0.0,9.0,2022.0,0.0,0.0,0.0,0.0,14.8,3.1,29.0,39.0,272.0,3.0,29.0,63354.0
1.0,0.0,0.0,0.0,0.0,0.0,0.0,9.0,2022.0,0.0,0.0,0.0,0.0,16.9,0.5,30.0,39.0,273.0,3.0,30.0,55807.0
0.0,0.0,1.0,0.0,0.0,0.0,0.0,10.0,2022.0,1.0,0.0,0.0,0.0,12.6,1.8,1.0,39.0,274.0,4.0,1.0,26378.0
0.0,0.0,0.0,1.0,0.0,0.0,0.0,10.0,2022.0,1.0,0.0,0.0,0.0,8.1,4.4,2.0,39.0,275.0,4.0,2.0,32955.0
0.0,1.0,0.0,0.0,0.0,0.0,0.0,10.0,2022.0,0.0,0.0,0.0,0.0,9.2,18.1,3.0,40.0,276.0,4.0,3.0,54497.0
0.0,0.0,0.0,0.0,0.0,1.0,0.0,10.0,2022.0,0.0,0.0,0.0,0.0,14.4,7.9,4.0,40.0,277.0,4.0,4.0,51878.0
0.0,0.0,0.0,0.0,0.0,0.0,1.0,10.0,2022.0,0.0,0.0,0.0,0.0,8.8,0.0,5.0,40.0,278.0,4.0,5.0,63010.0
0.0,0.0,0.0,0.0,1.0,0.0,0.0,10.0,2022.0,0.0,0.0,0.0,0.0,13.9,0.8,6.0,40.0,279.0,4.0,6.0,67921.0
1.0,0.0,0.0,0.0,0.0,0.0,0.0,10.0,2022.0,0.0,0.0,0.0,0.0,12.3,9.0,7.0,40.0,280.0,4.0,7.0,51515.0
0.0,0.0,1.0,0.0,0.0,0.0,0.0,10.0,2022.0,1.0,0.0,0.0,0.0,9.2,4.7,8.0,40.0,281.0,4.0,8.0,41553.0
0.0,0.0,0.0,1.0,0.0,0.0,0.0,10.0,2022.0,1.0,0.0,0.0,0.0,3.7,5.1,9.0,40.0,282.0,4.0,9.0,26101.0
0.0,1.0,0.0,0.0,0.0,0.0,0.0,10.0,2022.0,0.0,0.0,0.0,0.0,14.6,0.0,10.0,41.0,283.0,4.0,10.0,67299.0
0.0,0.0,0.0,0.0,0.0,1.0,0.0,10.0,2022.0,0.0,0.0,0.0,0.0,7.0,3.3,11.0,41.0,284.0,4.0,11.0,60967.0
0.0,0.0,0.0,0.0,0.0,0.0,1.0,10.0,2022.0,0.0,0.0,0.0,0.0,3.1,0.8,12.0,41.0,285.0,4.0,12.0,56754.0
0.0,0.0,0.0,0.0,1.0,0.0,0.0,10.0,2022.0,0.0,0.0,0.0,0.0,10.0,1.4,13.0,41.0,286.0,4.0,13.0,63911.0
1.0,0.0,0.0,0.0,0.0,0.0,0.0,10.0,2022.0,0.0,0.0,0.0,0.0,11.4,2.8,14.0,41.0,287.0,4.0,14.0,64291.0
0.0,0.0,1.0,0.0,0.0,0.0,0.0,10.0,2022.0,1.0,0.0,0.0,0.0,12.0,8.6,15.0,41.0,288.0,4.0,15.0,30857.0
0.0,0.0,0.0,1.0,0.0,0.0,0.0,10.0,2022.0,1.0,0.0,0.0,0.0,6.7,0.0,16.0,41.0,289.0,4.0,16.0,29929.0
0.0,1.0,0.0,0.0,0.0,0.0,0.0,10.0,2022.0,0.0,0.0,0.0,0.0,11.3,0.5,17.0,42.0,290.0,4.0,17.0,59779.0
0.0,0.0,0.0,0.0,0.0,1.0,0.0,10.0,2022.0,0.0,0.0,0.0,0.0,9.9,5.0,18.0,42.0,291.0,4.0,18.0,54637.0
0.0,0.0,0.0,0.0,0.0,0.0,1.0,10.0,2022.0,0.0,0.0,0.0,0.0,7.7,0.8,19.0,42.0,292.0,4.0,19.0,70059.0
0.0,0.0,0.0,0.0,1.0,0.0,0.0,10.0,2022.0,0.0,0.0,1.0,0.0,8.7,0.0,20.0,42.0,293.0,4.0,20.0,54990.0
1.0,0.0,0.0,0.0,0.0,0.0,0.0,10.0,2022.0,0.0,0.0,1.0,0.0,10.4,5.1,21.0,42.0,294.0,4.0,21.0,41162.0
0.0,0.0,1.0,0.0,0.0,0.0,0.0,10.0,2022.0,1.0,0.0,1.0,0.0,7.7,10.2,22.0,42.0,295.0,4.0,22.0,28768.0
0.0,0.0,0.0,1.0,0.0,0.0,0.0,10.0,2022.0,1.0,0.0,1.0,0.0,11.1,1.5,23.0,42.0,296.0,4.0,23.0,16199.0
0.0,1.0,0.0,0.0,0.0,0.0,0.0,10.0,2022.0,0.0,0.0,1.0,0.0,14.4,0.0,24.0,43.0,297.0,4.0,24.0,47373.0
0.0,0.0,0.0,0.0,0.0,1.0,0.0,10.0,2022.0,0.0,0.0,1.0,0.0,9.5,12.1,25.0,43.0,298.0,4.0,25.0,57046.0
0.0,0.0,0.0,0.0,0.0,0.0,1.0,10.0,2022.0,0.0,0.0,1.0,0.0,9.2,3.8,26.0,43.0,299.0,4.0,26.0,39680.0
0.0,0.0,0.0,0.0,1.0,0.0,0.0,10.0,2022.0,0.0,0.0,1.0,0.0,12.5,2.5,27.0,43.0,300.0,4.0,27.0,49109.0
1.0,0.0,0.0,0.0,0.0,0.0,0.0,10.0,2022.0,0.0,0.0,1.0,0.0,10.3,0.0,28.0,43.0,301.0,4.0,28.0,41708.0
0.0,0.0,1.0,0.0,0.0,0.0,0.0,10.0,2022.0,1.0,0.0,1.0,0.0,6.5,9.3,29.0,43.0,302.0,4.0,29.0,26472.0
0.0,0.0,0.0,1.0,0.0,0.0,0.0,10.0,2022.0,1.0,0.0,1.0,0.0,11.6,6.4,30.0,43.0,303.0,4.0,30.0,16515.0
0.0,1.0,0.0,0.0,0.0,0.0,0.0,10.0,2022.0,0.0,0.0,0.0,0.0,4.0,0.0,31.0,44.0,304.0,4.0,31.0,42780.0
0.0,0.0,0.0,0.0,0.0,1.0,0.0,11.0,2022.0,0.0,0.0,0.0,0.0,1.9,0.0,1.0,44.0,305.0,4.0,1.0,55179.0
0.0,0.0,0.0,0.0,0.0,0.0,1.0,11.0,2022.0,0.0,0.0,0.0,0.0,5.3,9.3,2.0,44.0,306.0,4.0,2.0,63284.0
0.0,0.0,0.0,0.0,1.0,0.0,0.0,11.0,2022.0,0.0,0.0,0.0,0.0,3.0,10.3,3.0,44.0,307.0,4.0,3.0,51523.0
1.0,0.0,0.0,0.0,0.0,0.0,0.0,11.0,2022.0,0.0,0.0,0.0,0.0,9.1,0.9,4.0,44.0,308.0,4.0,4.0,54247.0
0.0,0.0,1.0,0.0,0.0,0.0,0.0,11.0,2022.0,1.0,0.0,0.0,0.0,7.6,0.9,5.0,44.0,309.0,4.0,5.0,28220.0
0.0,0.0,0.0,1.0,0.0,0.0,0.0,11.0,2022.0,1.0,1.0,0.0,0.0,5.6,6.2,6.0,44.0,310.0,4.0,6.0,8437.0
0.0,1.0,0.0,0.0,0.0,0.0,0.0,11.0,2022.0,0.0,0.0,0.0,0.0,10.3,8.4,7.0,45.0,311.0,4.0,7.0,53084.0
0.0,0.0,0.0,0.0,0.0,1.0,0.0,11.0,2022.0,0.0,0.0,0.0,0.0,4.8,11.2,8.0,45.0,312.0,4.0,8.0,55485.0
0.0,0.0,0.0,0.0,0.0,0.0,1.0,11.0,2022.0,0.0,0.0,0.0,0.0,3.2,2.3,9.0,45.0,313.0,4.0,9.0,56356.0
0.0,0.0,0.0,0.0,1.0,0.0,0.0,11.0,2022.0,0.0,0.0,0.0,0.0,1.4,6.9,10.0,45.0,314.0,4.0,10.0,54897.0
1.0,0.0,0.0,0.0,0.0,0.0,0.0,11.0,2022.0,0.0,0.0,0.0,0.0,12.3,6.7,11.0,45.0,315.0,4.0,11.0,50766.0
0.0,0.0,1.0,0.0,0.0,0.0,0.0,11.0,2022.0,1.0,0.0,0.0,0.0,2.9,6.1,12.0,45.0,316.0,4.0,12.0,30967.0
0.0,0.0,0.0,1.0,0.0,0.0,0.0,11.0,2022.0,1.0,0.0,0.0,0.0,6.6,0.0,13.0,45.0,317.0,4.0,13.0,30755.0
0.0,1.0,0.0,0.0,0.0,0.0,0.0,11.0,2022.0,0.0,0.0,0.0,0.0,4.9,2.4,14.0,46.0,318.0,4.0,14.0,58714.0
0.0,0.0,0.0,0.0,0.0,1.0,0.0,11.0,2022.0,0.0,0.0,0.0,0.0,4.4,4.0,15.0,46.0,319.0,4.0,15.0,53501.0
0.0,0.0,0.0,0.0,0.0,0.0,1.0,11.0,2022.0,0.0,0.0,0.0,0.0,6.3,5.9,16.0,46.0,320.0,4.0,16.0,59092.0
0.0,0.0,0.0,0.0,1.0,0.0,0.0,11.0,2022.0,0.0,0.0,0.0,0.0,9.5,2.2,17.0,46.0,321.0,4.0,17.0,60320.0
1.0,0.0,0.0,0.0,0.0,0.0,0.0,11.0,2022.0,0.0,1.0,0.0,0.0,4.6,6.2,18.0,46.0,322.0,4.0,18.0,18198.0
0.0,0.0,1.0,0.0,0.0,0.0,0.0,11.0,2022.0,1.0,0.0,0.0,0.0,6.4,1.9,19.0,46.0,323.0,4.0,19.0,26414.0
0.0,0.0,0.0,1.0,0.0,0.0,0.0,11.0,2022.0,1.0,0.0,0.0,0.0,8.8,5.4,20.0,46.0,324.0,4.0,20.0,23320.0
0.0,1.0,0.0,0.0,0.0,0.0,0.0,11.0,2022.0,0.0,0.0,0.0,0.0,4.2,12.0,21.0,47.0,325.0,4.0,21.0,52751.0
0.0,0.0,0.0,0.0,0.0,1.0,0.0,11.0,2022.0,0.0,0.0,0.0,0.0,6.7,0.0,22.0,47.0,326.0,4.0,22.0,49780.0
0.0,0.0,0.0,0.0,0.0,0.0,1.0,11.0,2022.0,0.0,0.0,0.0,0.0,5.6,0.2,23.0,47.0,327.0,4.0,23.0,60435.0
0.0,0.0,0.0,0.0,1.0,0.0,0.0,11.0,2022.0,0.0,0.0,0.0,0.0,3.2,1.1,24.0,47.0,328.0,4.0,24.0,51330.0
1.0,0.0,0.0,0.0,0.0,0.0,0.0,11.0,2022.0,0.0,0.0,0.0,0.0,5.3,9.5,25.0,47.0,329.0,4.0,25.0,51193.0
0.0,0.0,1.0,0.0,0.0,0.0,0.0,11.0,2022.0,1.0,0.0,0.0,0.0,6.0,11.4,26.0,47.0,330.0,4.0,26.0,29698.0
0.0,0.0,0.0,1.0,0.0,0.0,0.0,11.0,2022.0,1.0,0.0,0.0,0.0,5.4,5.8,27.0,47.0,331.0,4.0,27.0,21017.0
0.0,1.0,0.0,0.0,0.0,0.0,0.0,11.0,2022.0,0.0,0.0,0.0,0.0,7.9,5.5,28.0,48.0,332.0,4.0,28.0,54593.0
0.0,0.0,0.0,0.0,0.0,1.0,0.0,11.0,2022.0,0.0,0.0,0.0,0.0,10.3,2.9,29.0,48.0,333.0,4.0,29.0,63524.0
0.0,0.0,0.0,0.0,0.0,0.0,1.0,11.0,2022.0,0.0,0.0,0.0,0.0,5.1,1.9,30.0,48.0,334.0,4.0,30.0,65102.0
0.0,0.0,0.0,0.0,1.0,0.0,0.0,12.0,2022.0,0.0,0.0,0.0,0.0,5.5,5.6,1.0,48.0,335.0,4.0,1.0,51407.0
1.0,0.0,0.0,0.0,0.0,0.0,0.0,12.0,2022.0,0.0,0.0,0.0,0.0,10.0,0.9,2.0,48.0,336.0,4.0,2.0,53456.0
0.0,0.0,1.0,0.0,0.0,0.0,0.0,12.0,2022.0,1.0,0.0,0.0,0.0,7.6,10.8,3.0,48.0,337.0,4.0,3.0,35133.0
0.0,0.0,0.0,1.0,0.0,0.0,0.0,12.0,2022.0,1.0,0.0,0.0,0.0,7.4,0.0,4.0,48.0,338.0,4.0,4.0,26397.0
0.0,1.0,0.0,0.0,0.0,0.0,0.0,12.0,2022.0,0.0,0.0,0.0,0.0,3.9,2.9,5.0,49.0,339.0,4.0,5.0,49628.0
0.0,0.0,0.0,0.0,0.0,1.0,0.0,12.0,2022.0,0.0,0.0,0.0,0.0,5.5,0.0,6.0,49.0,340.0,4.0,6.0,62560.0
0.0,0.0,0.0,0.0,0.0,0.0,1.0,12.0,2022.0,0.0,0.0,0.0,0.0,6.2,0.7,7.0,49.0,341.0,4.0,7.0,65843.0
0.0,0.0,0.0,0.0,1.0,0.0,0.0,12.0,2022.0,0.0,0.0,0.0,0.0,7.5,0.0,8.0,49.0,342.0,4.0,8.0,64575.0
1.0,0.0,0.0,0.0,0.0,0.0,0.0,12.0,2022.0,0.0,0.0,0.0,0.0,4.3,15.7,9.0,49.0,343.0,4.0,9.0,53293.0
0.0,0.0,1.0,0.0,0.0,0.0,0.0,12.0,2022.0,1.0,0.0,0.0,0.0,6.3,2.4,10.0,49.0,344.0,4.0,10.0,37975.0
0.0,0.0,0.0,1.0,0.0,0.0,0.0,12.0,2022.0,1.0,0.0,0.0,0.0,2.4,2.7,11.0,49.0,345.0,4.0,11.0,25133.0
0.0,1.0,0.0,0.0,0.0,0.0,0.0,12.0,2022.0,0.0,0.0,0.0,0.0,5.9,4.6,12.0,50.0,346.0,4.0,12.0,62805.0
0.0,0.0,0.0,0.0,0.0,1.0,0.0,12.0,2022.0,0.0,0.0,0.0,0.0,2.7,3.4,13.0,50.0,347.0,4.0,13.0,65760.0
0.0,0.0,0.0,0.0,0.0,0.0,1.0,12.0,2022.0,0.0,0.0,0.0,0.0,6.2,0.0,14.0,50.0,348.0,4.0,14.0,59005.0
0.0,0.0,0.0,0.0,1.0,0.0,0.0,12.0,2022.0,0.0,0.0,0.0,0.0,7.4,4.2,15.0,50.0,349.0,4.0,15.0,57386.0
1.0,0.0,0.0,0.0,0.0,0.0,0.0,12.0,2022.0,0.0,0.0,0.0,0.0,9.8,8.0,16.0,50.0,350.0,4.0,16.0,52753.0
0.0,0.0,1.0,0.0,0.0,0.0,0.0,12.0,2022.0,1.0,0.0,0.0,0.0,9.4,0.0,17.0,50.0,351.0,4.0,17.0,34634.0
0.0,0.0,0.0,1.0,0.0,0.0,0.0,12.0,2022.0,1.0,0.0,0.0,0.0,7.3,6.1,18.0,50.0,352.0,4.0,18.0,27771.0
0.0,1.0,0.0,0.0,0.0,0.0,0.0,12.0,2022.0,0.0,0.0,0.0,0.0,3.8,1.5,19.0,51.0,353.0,4.0,19.0,56405.0
0.0,0.0,0.0,0.0,0.0,1.0,0.0,12.0,2022.0,0.0,0.0,1.0,0.0,2.5,0.3,20.0,51.0,354.0,4.0,20.0,47328.0
0.0,0.0,0.0,0.0,0.0,0.0,1.0,12.0,2022.0,0.0,0.0,1.0,0.0,2.8,6.7,21.0,51.0,355.0,4.0,21.0,43963.0
0.0,0.0,0.0,0.0,1.0,0.0,0.0,12.0,2022.0,0.0,0.0,1.0,0.0,6.7,0.0,22.0,51.0,356.0,4.0,22.0,43355.0
1.0,0.0,0.0,0.0,0.0,0.0,0.0,12.0,2022.0,0.0,0.0,1.0,0.0,3.5,5.4,23.0,51.0,357.0,4.0,23.0,45570.0
0.0,0.0,1.0,0.0,0.0,0.0,0.0,12.0,2022.0,1.0,0.0,1.0,0.0,6.3,0.0,24.0,51.0,358.0,4.0,24.0,26230.0
0.0,0.0,0.0,1.0,0.0,0.0,0.0,12.0,2022.0,1.0,0.0,1.0,0.0,6.4,0.0,25.0,51.0,359.0,4.0,25.0,23394.0
0.0,1.0,0.0,0.0,0.0,0.0,0.0,12.0,2022.0,0.0,0.0,1.0,0.0,5.2,4.1,26.0,52.0,360.0,4.0,26.0,51265.0
0.0,0.0,0.0,0.0,0.0,1.0,0.0,12.0,2022.0,0.0,0.0,1.0,0.0,2.7,1.6,27.0,52.0,361.0,4.0,27.0,45724.0
0.0,0.0,0.0,0.0,0.0,0.0,1.0,12.0,2022.0,0.0,0.0,1.0,0.0,5.8,0.0,28.0,52.0,362.0,4.0,28.0,52312.0
0.0,0.0,0.0,0.0,1.0,0.0,0.0,12.0,2022.0,0.0,0.0,1.0,0.0,7.8,0.0,29.0,52.0,363.0,4.0,29.0,43264.0
1.0,0.0,0.0,0.0,0.0,0.0,0.0,12.0,2022.0,0.0,0.0,1.0,0.0,4.7,6.3,30.0,52.0,364.0,4.0,30.0,36621.0
0.0,0.0,1.0,0.0,0.0,0.0,0.0,12.0,2022.0,1.0,0.0,1.0,0.0,3.8,6.4,31.0,52.0,365.0,4.0,31.0,14091.0
0.0,0.0,0.0,1.0,0.0,0.0,0.0,1.0,2023.0,1.0,1.0,1.0,0.0,8.8,1.9,1.0,52.0,1.0,1.0,1.0,11031.0
0.0,1.0,0.0,0.0,0.0,0.0,0.0,1.0,2023.0,0.0,0.0,1.0,0.0,4.3,3.5,2.0,1.0,2.0,1.0,2.0,43481.0
0.0,0.0,0.0,0.0,0.0,1.0,0.0,1.0,2023.0,0.0,0.0,1.0,0.0,8.9,1.0,3.0,1.0,3.0,1.0,3.0,44283.0
0.0,0.0,0.0,0.0,0.0,0.0,1.0,1.0,2023.0,0.0,0.0,1.0,0.0,5.2,0.0,4.0,1.0,4.0,1.0,4.0,42550.0
0.0,0.0,0.0,0.0,1.0,0.0,0.0,1.0,2023.0,0.0,0.0,1.0,0.0,7.4,0.6,5.0,1.0,5.0,1.0,5.0,43666.0
1.0,0.0,0.0,0.0,0.0,0.0,0.0,1.0,2023.0,0.0,0.0,0.0,0.0,4.6,1.2,6.0,1.0,6.0,1.0,6.0,54915.0
0.0,0.0,1.0,0.0,0.0,0.0,0.0,1.0,2023.0,1.0,0.0,0.0,0.0,9.0,6.8,7.0,1.0,7.0,1.0,7.0,39362.0
0.0,0.0,0.0,1.0,0.0,0.0,0.0,1.0,2023.0,1.0,0.0,0.0,0.0,7.5,0.0,8.0,1.0,8.0,1.0,8.0,23915.0
0.0,1.0,0.0,0.0,0.0,0.0,0.0,1.0,2023.0,0.0,0.0,0.0,0.0,7.3,3.7,9.0,2.0,9.0,1.0,9.0,61264.0
0.0,0.0,0.0,0.0,0.0,1.0,0.0,1.0,2023.0,0.0,0.0,0.0,0.0,11.9,0.2,10.0,2.0,10.0,1.0,10.0,56399.0
0.0,0.0,0.0,0.0,0.0,0.0,1.0,1.0,2023.0,0.0,1.0,0.0,0.0,10.3,0.0,11.0,2.0,11.0,1.0,11.0,35629.0
0.0,0.0,0.0,0.0,1.0,0.0,0.0,1.0,2023.0,0.0,0.0,0.0,0.0,8.5,6.4,12.0,2.0,12.0,1.0,12.0,55610.0
1.0,0.0,0.0,0.0,0.0,0.0,0.0,1.0,2023.0,0.0,0.0,0.0,0.0,4.4,0.0,13.0,2.0,13.0,1.0,13.0,46678.0
0.0,0.0,1.0,0.0,0.0,0.0,0.0,1.0,2023.0,1.0,0.0,0.0,0.0,8.4,0.0,14.0,2.0,14.0,1.0,14.0,29234.0
0.0,0.0,0.0,1.0,0.0,0.0,0.0,1.0,2023.0,1.0,0.0,0.0,0.0,4.4,3.7,15.0,2.0,15.0,1.0,15.0,20636.0
0.0,1.0,0.0,0.0,0.0,0.0,0.0,1.0,2023.0,0.0,0.0,0.0,0.0,0.1,0.0,16.0,3.0,16.0,1.0,16.0,59915.0
0.0,0.0,0.0,0.0,0.0,1.0,0.0,1.0,2023.0,0.0,0.0,0.0,0.0,1.5,0.3,17.0,3.0,17.0,1.0,17.0,68622.0
0.0,0.0,0.0,0.0,0.0,0.0,1.0,1.0,2023.0,0.0,0.0,0.0,0.0,6.3,1.6,18.0,3.0,18.0,1.0,18.0,69160.0
0.0,0.0,0.0,0.0,1.0,0.0,0.0,1.0,2023.0,0.0,0.0,0.0,0.0,1.7,4.2,19.0,3.0,19.0,1.0,19.0,64653.0
1.0,0.0,0.0,0.0,0.0,0.0,0.0,1.0,2023.0,0.0,0.0,1.0,0.0,11.1,10.7,20.0,3.0,20.0,1.0,20.0,51372.0
0.0,0.0,1.0,0.0,0.0,0.0,0.0,1.0,2023.0,1.0,0.0,1.0,0.0,5.2,3.2,21.0,3.0,21.0,1.0,21.0,27273.0
0.0,0.0,0.0,1.0,0.0,0.0,0.0,1.0,2023.0,1.0,0.0,1.0,0.0,2.2,2.3,22.0,3.0,22.0,1.0,22.0,19862.0
0.0,1.0,0.0,0.0,0.0,0.0,0.0,1.0,2023.0,0.0,0.0,1.0,0.0,10.8,9.2,23.0,4.0,23.0,1.0,23.0,44265.0
0.0,0.0,0.0,0.0,0.0,1.0,0.0,1.0,2023.0,0.0,0.0,1.0,0.0,6.5,5.6,24.0,4.0,24.0,1.0,24.0,50085.0
0.0,0.0,0.0,0.0,0.0,0.0,1.0,1.0,2023.0,0.0,0.0,1.0,0.0,5.7,7.0,25.0,4.0,25.0,1.0,25.0,41159.0
0.0,0.0,0.0,0.0,1.0,0.0,0.0,1.0,2023.0,0.0,0.0,1.0,0.0,9.4,0.0,26.0,4.0,26.0,1.0,26.0,51265.0
1.0,0.0,0.0,0.0,0.0,0.0,0.0,1.0,2023.0,0.0,0.0,1.0,0.0,9.5,2.3,27.0,4.0,27.0,1.0,27.0,52029.0
0.0,0.0,1.0,0.0,0.0,0.0,0.0,1.0,2023.0,1.0,0.0,1.0,0.0,5.3,0.0,28.0,4.0,28.0,1.0,28.0,22174.0
0.0,0.0,0.0,1.0,0.0,0.0,0.0,1.0,2023.0,1.0,0.0,1.0,0.0,3.4,3.5,29.0,4.0,29.0,1.0,29.0,29820.0
0.0,1.0,0.0,0.0,0.0,0.0,0.0,1.0,2023.0,0.0,0.0,1.0,0.0,6.7,2.7,30.0,5.0,30.0,1.0,30.0,45698.0
0.0,0.0,0.0,0.0,0.0,1.0,0.0,1.0,2023.0,0.0,0.0,0.0,0.0,7.6,0.9,31.0,5.0,31.0,1.0,31.0,63720.0
0.0,0.0,0.0,0.0,0.0,0.0,1.0,2.0,2023.0,0.0,0.0,0.0,0.0,9.4,0.0,1.0,5.0,32.0,1.0,1.0,59606.0
0.0,0.0,0.0,0.0,1.0,0.0,0.0,2.0,2023.0,0.0,0.0,0.0,0.0,4.0,0.4,2.0,5.0,33.0,1.0,2.0,59295.0
1.0,0.0,0.0,0.0,0.0,0.0,0.0,2.0,2023.0,0.0,0.0,0.0,0.0,13.3,6.4,3.0,5.0,34.0,1.0,3.0,43045.0
0.0,0.0,1.0,0.0,0.0,0.0,0.0,2.0,2023.0,1.0,0.0,0.0,0.0,5.4,3.2,4.0,5.0,35.0,1.0,4.0,26178.0
0.0,0.0,0.0,1.0,0.0,0.0,0.0,2.0,2023.0,1.0,0.0,0.0,0.0,12.1,4.4,5.0,5.0,36.0,1.0,5.0,37673.0
0.0,1.0,0.0,0.0,0.0,0.0,0.0,2.0,2023.0,0.0,0.0,0.0,0.0,14.0,2.9,6.0,6.0,37.0,1.0,6.0,59268.0
0.0,0.0,0.0,0.0,0.0,1.0,0.0,2.0,2023.0,0.0,0.0,0.0,0.0,6.1,0.4,7.0,6.0,38.0,1.0,7.0,54115.0
0.0,0.0,0.0,0.0,0.0,0.0,1.0,2.0,2023.0,0.0,0.0,0.0,0.0,8.5,0.0,8.0,6.0,39.0,1.0,8.0,67063.0
0.0,0.0,0.0,0.0,1.0,0.0,0.0,2.0,2023.0,0.0,0.0,0.0,0.0,14.1,0.5,9.0,6.0,40.0,1.0,9.0,71273.0
1.0,0.0,0.0,0.0,0.0,0.0,0.0,2.0,2023.0,0.0,0.0,0.0,0.0,12.4,8.1,10.0,6.0,41.0,1.0,10.0,54369.0
0.0,0.0,1.0,0.0,0.0,0.0,0.0,2.0,2023.0,1.0,0.0,0.0,0.0,11.7,4.3,11.0,6.0,42.0,1.0,11.0,42506.0
0.0,0.0,0.0,1.0,0.0,0.0,0.0,2.0,2023.0,1.0,0.0,0.0,0.0,11.4,0.0,12.0,6.0,43.0,1.0,12.0,29494.0
0.0,1.0,0.0,0.0,0.0,0.0,0.0,2.0,2023.0,0.0,0.0,0.0,0.0,13.0,5.4,13.0,7.0,44.0,1.0,13.0,51991.0
0.0,0.0,0.0,0.0,0.0,1.0,0.0,2.0,2023.0,0.0,0.0,0.0,0.0,10.9,10.6,14.0,7.0,45.0,1.0,14.0,61478.0
0.0,0.0,0.0,0.0,0.0,0.0,1.0,2.0,2023.0,0.0,0.0,0.0,0.0,8.1,16.5,15.0,7.0,46.0,1.0,15.0,56169.0
0.0,0.0,0.0,0.0,1.0,0.0,0.0,2.0,2023.0,0.0,0.0,0.0,0.0,12.4,3.2,16.0,7.0,47.0,1.0,16.0,58515.0
1.0,0.0,0.0,0.0,0.0,0.0,0.0,2.0,2023.0,0.0,0.0,0.0,0.0,9.4,2.6,17.0,7.0,48.0,1.0,17.0,53158.0
0.0,0.0,1.0,0.0,0.0,0.0,0.0,2.0,2023.0,1.0,0.0,0.0,0.0,11.5,5.3,18.0,7.0,49.0,1.0,18.0,32508.0
0.0,0.0,0.0,1.0,0.0,0.0,0.0,2.0,2023.0,1.0,0.0,0.0,0.0,10.4,0.0,19.0,7.0,50.0,1.0,19.0,18926.0
0.0,1.0,0.0,0.0,0.0,0.0,0.0,2.0,2023.0,0.0,0.0,0.0,0.0,5.0,0.8,20.0,8.0,51.0,1.0,20.0,62706.0
0.0,0.0,0.0,0.0,0.0,1.0,0.0,2.0,2023.0,0.0,0.0,0.0,0.0,13.3,0.0,21.0,8.0,52.0,1.0,21.0,70258.0
0.0,0.0,0.0,0.0,0.0,0.0,1.0,2.0,2023.0,0.0,0.0,0.0,0.0,7.5,0.4,22.0,8.0,53.0,1.0,22.0,53887.0
0.0,0.0,0.0,0.0,1.0,0.0,0.0,2.0,2023.0,0.0,0.0,0.0,0.0,5.1,4.0,23.0,8.0,54.0,1.0,23.0,63992.0
1.0,0.0,0.0,0.0,0.0,0.0,0.0,2.0,2023.0,0.0,0.0,0.0,0.0,9.2,6.1,24.0,8.0,55.0,1.0,24.0,49360.0
0.0,0.0,1.0,0.0,0.0,0.0,0.0,2.0,2023.0,1.0,0.0,0.0,0.0,9.3,0.0,25.0,8.0,56.0,1.0,25.0,42615.0
0.0,0.0,0.0,1.0,0.0,0.0,0.0,2.0,2023.0,1.0,0.0,0.0,0.0,8.9,6.4,26.0,8.0,57.0,1.0,26.0,23248.0
0.0,1.0,0.0,0.0,0.0,0.0,0.0,2.0,2023.0,0.0,0.0,0.0,0.0,16.0,10.4,27.0,9.0,58.0,1.0,27.0,54216.0
0.0,0.0,0.0,0.0,0.0,1.0,0.0,2.0,2023.0,0.0,0.0,0.0,0.0,13.2,7.6,28.0,9.0,59.0,1.0,28.0,50230.0
0.0,0.0,0.0,0.0,0.0,0.0,1.0,3.0,2023.0,0.0,0.0,0.0,0.0,15.9,0.0,1.0,9.0,60.0,1.0,1.0,69991.0
0.0,0.0,0.0,0.0,1.0,0.0,0.0,3.0,2023.0,0.0,0.0,0.0,0.0,8.2,7.4,2.0,9.0,61.0,1.0,2.0,56349.0
1.0,0.0,0.0,0.0,0.0,0.0,0.0,3.0,2023.0,0.0,0.0,0.0,0.0,13.7,4.1,3.0,9.0,62.0,1.0,3.0,63908.0
0.0,0.0,1.0,0.0,0.0,0.0,0.0,3.0,2023.0,1.0,0.0,0.0,0.0,16.9,0.3,4.0,9.0,63.0,1.0,4.0,37453.0
0.0,0.0,0.0,1.0,0.0,0.0,0.0,3.0,2023.0,1.0,0.0,0.0,0.0,19.9,15.7,5.0,9.0,64.0,1.0,5.0,19351.0
0.0,1.0,0.0,0.0,0.0,0.0,0.0,3.0,2023.0,0.0,0.0,0.0,0.0,13.8,0.7,6.0,10.0,65.0,1.0,6.0,52011.0
0.0,0.0,0.0,0.0,0.0,1.0,0.0,3.0,2023.0,0.0,0.0,0.0,0.0,16.8,0.0,7.0,10.0,66.0,1.0,7.0,61235.0
0.0,0.0,0.0,0.0,0.0,0.0,1.0,3.0,2023.0,0.0,0.0,0.0,0.0,11.6,5.0,8.0,10.0,67.0,1.0,8.0,57188.0
0.0,0.0,0.0,0.0,1.0,0.0,0.0,3.0,2023.0,0.0,0.0,0.0,0.0,21.4,1.0,9.0,10.0,68.0,1.0,9.0,65298.0
1.0,0.0,0.0,0.0,0.0,0.0,0.0,3.0,2023.0,0.0,0.0,0.0,0.0,13.4,7.5,10.0,10.0,69.0,1.0,10.0,51453.0
0.0,0.0,1.0,0.0,0.0,0.0,0.0,3.0,2023.0,1.0,0.0,0.0,0.0,14.9,5.3,11.0,10.0,70.0,1.0,11.0,34950.0
0.0,0.0,0.0,1.0,0.0,0.0,0.0,3.0,2023.0,1.0,0.0,0.0,0.0,11.7,0.0,12.0,10.0,71.0,1.0,12.0,25774.0
0.0,1.0,0.0,0.0,0.0,0.0,0.0,3.0,2023.0,0.0,0.0,0.0,0.0,16.9,0.0,13.0,11.0,72.0,1.0,13.0,54970.0
0.0,0.0,0.0,0.0,0.0,1.0,0.0,3.0,2023.0,0.0,0.0,0.0,0.0,17.5,0.0,14.0,11.0,73.0,1.0,14.0,70244.0
0.0,0.0,0.0,0.0,0.0,0.0,1.0,3.0,2023.0,0.0,0.0,0.0,0.0,12.3,0.0,15.0,11.0,74.0,1.0,15.0,52547.0
0.0,0.0,0.0,0.0,1.0,0.0,0.0,3.0,2023.0,0.0,0.0,0.0,0.0,21.3,0.0,16.0,11.0,75.0,1.0,16.0,70240.0
1.0,0.0,0.0,0.0,0.0,0.0,0.0,3.0,2023.0,0.0,0.0,0.0,0.0,12.8,3.5,17.0,11.0,76.0,1.0,17.0,60291.0
0.0,0.0,1.0,0.0,0.0,0.0,0.0,3.0,2023.0,1.0,0.0,0.0,0.0,16.3,2.8,18.0,11.0,77.0,1.0,18.0,38527.0
0.0,0.0,0.0,1.0,0.0,0.0,0.0,3.0,2023.0,1.0,0.0,0.0,0.0,19.6,3.4,19.0,11.0,78.0,1.0,19.0,31452.0
0.0,1.0,0.0,0.0,0.0,0.0,0.0,3.0,2023.0,0.0,0.0,1.0,0.0,15.1,6.0,20.0,12.0,79.0,1.0,20.0,38587.0
0.0,0.0,0.0,0.0,0.0,1.0,0.0,3.0,2023.0,0.0,0.0,1.0,0.0,10.9,2.2,21.0,12.0,80.0,1.0,21.0,56084.0
0.0,0.0,0.0,0.0,0.0,0.0,1.0,3.0,2023.0,0.0,0.0,1.0,0.0,15.6,6.3,22.0,12.0,81.0,1.0,22.0,38857.0
0.0,0.0,0.0,0.0,1.0,0.0,0.0,3.0,2023.0,0.0,0.0,1.0,0.0,12.9,8.1,23.0,12.0,82.0,1.0,23.0,45618.0
1.0,0.0,0.0,0.0,0.0,0.0,0.0,3.0,2023.0,0.0,0.0,1.0,0.0,18.9,5.6,24.0,12.0,83.0,1.0,24.0,50651.0
0.0,0.0,1.0,0.0,0.0,0.0,0.0,3.0,2023.0,1.0,0.0,1.0,1.0,15.0,2.9,25.0,12.0,84.0,1.0,25.0,30678.0
0.0,0.0,0.0,1.0,0.0,0.0,0.0,3.0,2023.0,1.0,0.0,1.0,0.0,14.6,13.3,26.0,12.0,85.0,1.0,26.0,20456.0
0.0,1.0,0.0,0.0,0.0,0.0,0.0,3.0,2023.0,0.0,0.0,1.0,0.0,18.9,0.0,27.0,13.0,86.0,1.0,27.0,42478.0
0.0,0.0,0.0,0.0,0.0,1.0,0.0,3.0,2023.0,0.0,0.0,1.0,0.0,14.6,4.4,28.0,13.0,87.0,1.0,28.0,49082.0
0.0,0.0,0.0,0.0,0.0,0.0,1.0,3.0,2023.0,0.0,0.0,1.0,0.0,8.7,4.7,29.0,13.0,88.0,1.0,29.0,46749.0
0.0,0.0,0.0,0.0,1.0,0.0,0.0,3.0,2023.0,0.0,0.0,1.0,0.0,17.1,4.2,30.0,13.0,89.0,1.0,30.0,58246.0
1.0,0.0,0.0,0.0,0.0,0.0,0.0,3.0,2023.0,0.0,0.0,1.0,0.0,17.8,12.3,31.0,13.0,90.0,1.0,31.0,48766.0
0.0,0.0,1.0,0.0,0.0,0.0,0.0,4.0,2023.0,1.0,0.0,1.0,0.0,25.0,0.0,1.0,13.0,91.0,2.0,1.0,31097.0
0.0,0.0,0.0,1.0,0.0,0.0,0.0,4.0,2023.0,1.0,0.0,1.0,0.0,21.5,0.0,2.0,13.0,92.0,2.0,2.0,20294.0
0.0,1.0,0.0,0.0,0.0,0.0,0.0,4.0,2023.0,0.0,0.0,1.0,0.0,19.3,1.0,3.0,14.0,93.0,2.0,3.0,50649.0
0.0,0.0,0.0,0.0,0.0,1.0,0.0,4.0,2023.0,0.0,0.0,0.0,0.0,16.8,0.7,4.0,14.0,94.0,2.0,4.0,61818.0
0.0,0.0,0.0,0.0,0.0,0.0,1.0,4.0,2023.0,0.0,0.0,0.0,0.0,23.6,0.0,5.0,14.0,95.0,2.0,5.0,60669.0
0.0,0.0,0.0,0.0,1.0,0.0,0.0,4.0,2023.0,0.0,0.0,0.0,0.0,16.5,0.9,6.0,14.0,96.0,2.0,6.0,55661.0
1.0,0.0,0.0,0.0,0.0,0.0,0.0,4.0,2023.0,0.0,0.0,0.0,0.0,18.1,1.4,7.0,14.0,97.0,2.0,7.0,54777.0
0.0,0.0,1.0,0.0,0.0,0.0,0.0,4.0,2023.0,1.0,0.0,0.0,0.0,27.0,1.3,8.0,14.0,98.0,2.0,8.0,42142.0
0.0,0.0,0.0,1.0,0.0,0.0,0.0,4.0,2023.0,1.0,0.0,0.0,0.0,18.8,2.8,9.0,14.0,99.0,2.0,9.0,30031.0
0.0,1.0,0.0,0.0,0.0,0.0,0.0,4.0,2023.0,0.0,0.0,0.0,0.0,18.4,0.0,10.0,15.0,100.0,2.0,10.0,63071.0
0.0,0.0,0.0,0.0,0.0,1.0,0.0,4.0,2023.0,0.0,0.0,0.0,0.0,21.0,0.8,11.0,15.0,101.0,2.0,11.0,61534.0
0.0,0.0,0.0,0.0,0.0,0.0,1.0,4.0,2023.0,0.0,0.0,0.0,0.0,20.4,2.8,12.0,15.0,102.0,2.0,12.0,61637.0
0.0,0.0,0.0,0.0,1.0,0.0,0.0,4.0,2023.0,0.0,0.0,0.0,0.0,17.8,0.0,13.0,15.0,103.0,2.0,13.0,54202.0
1.0,0.0,0.0,0.0,0.0,0.0,0.0,4.0,2023.0,0.0,0.0,0.0,0.0,22.2,0.0,14.0,15.0,104.0,2.0,14.0,51715.0
0.0,0.0,1.0,0.0,0.0,0.0,0.0,4.0,2023.0,1.0,0.0,0.0,0.0,21.2,1.1,15.0,15.0,105.0,2.0,15.0,37278.0
0.0,0.0,0.0,1.0,0.0,0.0,0.0,4.0,2023.0,1.0,0.0,0.0,0.0,27.2,0.7,16.0,15.0,106.0,2.0,16.0,32082.0
0.0,1.0,0.0,0.0,0.0,0.0,0.0,4.0,2023.0,0.0,0.0,0.0,0.0,21.0,0.0,17.0,16.0,107.0,2.0,17.0,56842.0
0.0,0.0,0.0,0.0,0.0,1.0,0.0,4.0,2023.0,0.0,0.0,0.0,0.0,16.1,0.4,18.0,16.0,108.0,2.0,18.0,61172.0
0.0,0.0,0.0,0.0,0.0,0.0,1.0,4.0,2023.0,0.0,0.0,0.0,0.0,19.2,0.0,19.0,16.0,109.0,2.0,19.0,52856.0
0.0,0.0,0.0,0.0,1.0,0.0,0.0,4.0,2023.0,0.0,0.0,0.0,0.0,15.1,0.2,20.0,16.0,110.0,2.0,20.0,71692.0
1.0,0.0,0.0,0.0,0.0,0.0,0.0,4.0,2023.0,0.0,0.0,0.0,0.0,23.7,0.0,21.0,16.0,111.0,2.0,21.0,61486.0
0.0,0.0,1.0,0.0,0.0,0.0,0.0,4.0,2023.0,1.0,0.0,0.0,0.0,17.9,1.8,22.0,16.0,112.0,2.0,22.0,40073.0
0.0,0.0,0.0,1.0,0.0,0.0,0.0,4.0,2023.0,1.0,0.0,0.0,0.0,12.5,1.0,23.0,16.0,113.0,2.0,23.0,20891.0
0.0,1.0,0.0,0.0,0.0,0.0,0.0,4.0,2023.0,0.0,0.0,0.0,0.0,18.9,0.7,24.0,17.0,114.0,2.0,24.0,59167.0
0.0,0.0,0.0,0.0,0.0,1.0,0.0,4.0,2023.0,0.0,0.0,0.0,0.0,21.6,2.5,25.0,17.0,115.0,2.0,25.0,66086.0
0.0,0.0,0.0,0.0,0.0,0.0,1.0,4.0,2023.0,0.0,0.0,0.0,0.0,12.5,0.0,26.0,17.0,116.0,2.0,26.0,56777.0
0.0,0.0,0.0,0.0,1.0,0.0,0.0,4.0,2023.0,0.0,0.0,0.0,0.0,21.3,0.6,27.0,17.0,117.0,2.0,27.0,64601.0
1.0,0.0,0.0,0.0,0.0,0.0,0.0,4.0,2023.0,0.0,0.0,0.0,0.0,20.8,0.1,28.0,17.0,118.0,2.0,28.0,63436.0
0.0,0.0,1.0,0.0,0.0,0.0,0.0,4.0,2023.0,1.0,0.0,0.0,0.0,23.5,0.2,29.0,17.0,119.0,2.0,29.0,36379.0
0.0,0.0,0.0,1.0,0.0,0.0,0.0,4.0,2023.0,1.0,0.0,0.0,0.0,22.6,1.2,30.0,17.0,120.0,2.0,30.0,28510.0
0.0,1.0,0.0,0.0,0.0,0.0,0.0,5.0,2023.0,0.0,1.0,0.0,0.0,24.6,0.0,1.0,18.0,121.0,2.0,1.0,30711.0
0.0,0.0,0.0,0.0,0.0,1.0,0.0,5.0,2023.0,0.0,0.0,0.0,0.0,21.8,0.0,2.0,18.0,122.0,2.0,2.0,60257.0
0.0,0.0,0.0,0.0,0.0,0.0,1.0,5.0,2023.0,0.0,0.0,0.0,0.0,21.3,0.1,3.0,18.0,123.0,2.0,3.0,66286.0
0.0,0.0,0.0,0.0,1.0,0.0,0.0,5.0,2023.0,0.0,0.0,0.0,0.0,27.3,2.5,4.0,18.0,124.0,2.0,4.0,64933.0
1.0,0.0,0.0,0.0,0.0,0.0,0.0,5.0,2023.0,0.0,0.0,0.0,0.0,23.8,1.1,5.0,18.0,125.0,2.0,5.0,55455.0
0.0,0.0,1.0,0.0,0.0,0.0,0.0,5.0,2023.0,1.0,0.0,0.0,0.0,25.8,0.0,6.0,18.0,126.0,2.0,6.0,29847.0
0.0,0.0,0.0,1.0,0.0,0.0,0.0,5.0,2023.0,1.0,0.0,0.0,0.0,19.5,0.3,7.0,18.0,127.0,2.0,7.0,29866.0
0.0,1.0,0.0,0.0,0.0,0.0,0.0,5.0,2023.0,0.0,0.0,0.0,0.0,20.6,1.8,8.0,19.0,128.0,2.0,8.0,63674.0
0.0,0.0,0.0,0.0,0.0,1.0,0.0,5.0,2023.0,0.0,0.0,0.0,0.0,22.0,0.0,9.0,19.0,129.0,2.0,9.0,56577.0
0.0,0.0,0.0,0.0,0.0,0.0,1.0,5.0,2023.0,0.0,0.0,0.0,0.0,27.4,2.6,10.0,19.0,130.0,2.0,10.0,74040.0
0.0,0.0,0.0,0.0,1.0,0.0,0.0,5.0,2023.0,0.0,0.0,0.0,0.0,28.2,2.7,11.0,19.0,131.0,2.0,11.0,64057.0
1.0,0.0,0.0,0.0,0.0,0.0,0.0,5.0,2023.0,0.0,0.0,0.0,0.0,22.0,1.2,12.0,19.0,132.0,2.0,12.0,60416.0
0.0,0.0,1.0,0.0,0.0,0.0,0.0,5.0,2023.0,1.0,0.0,0.0,0.0,25.3,0.0,13.0,19.0,133.0,2.0,13.0,28160.0
0.0,0.0,0.0,1.0,0.0,0.0,0.0,5.0,2023.0,1.0,0.0,0.0,0.0,23.9,2.4,14.0,19.0,134.0,2.0,14.0,21314.0
0.0,1.0,0.0,0.0,0.0,0.0,0.0,5.0,2023.0,0.0,0.0,0.0,1.0,21.1,3.6,15.0,20.0,135.0,2.0,15.0,86763.0
0.0,0.0,0.0,0.0,0.0,1.0,0.0,5.0,2023.0,0.0,0.0,0.0,0.0,26.1,2.4,16.0,20.0,136.0,2.0,16.0,65479.0
0.0,0.0,0.0,0.0,0.0,0.0,1.0,5.0,2023.0,0.0,0.0,0.0,0.0,24.7,0.0,17.0,20.0,137.0,2.0,17.0,58705.0
0.0,0.0,0.0,0.0,1.0,0.0,0.0,5.0,2023.0,0.0,0.0,0.0,0.0,26.4,1.9,18.0,20.0,138.0,2.0,18.0,60379.0
1.0,0.0,0.0,0.0,0.0,0.0,0.0,5.0,2023.0,0.0,0.0,0.0,0.0,24.2,2.3,19.0,20.0,139.0,2.0,19.0,65152.0
0.0,0.0,1.0,0.0,0.0,0.0,0.0,5.0,2023.0,1.0,0.0,0.0,0.0,20.0,0.0,20.0,20.0,140.0,2.0,20.0,34123.0
0.0,0.0,0.0,1.0,0.0,0.0,0.0,5.0,2023.0,1.0,0.0,0.0,0.0,26.4,0.0,21.0,20.0,141.0,2.0,21.0,25953.0
0.0,1.0,0.0,0.0,0.0,0.0,0.0,5.0,2023.0,0.0,0.0,0.0,0.0,26.8,0.9,22.0,21.0,142.0,2.0,22.0,60930.0
0.0,0.0,0.0,0.0,0.0,1.0,0.0,5.0,2023.0,0.0,0.0,0.0,0.0,22.7,1.9,23.0,21.0,143.0,2.0,23.0,63586.0
0.0,0.0,0.0,0.0,0.0,0.0,1.0,5.0,2023.0,0.0,0.0,0.0,0.0,29.3,0.0,24.0,21.0,144.0,2.0,24.0,61461.0
0.0,0.0,0.0,0.0,1.0,0.0,0.0,5.0,2023.0,0.0,0.0,0.0,0.0,24.2,0.0,25.0,21.0,145.0,2.0,25.0,61971.0
1.0,0.0,0.0,0.0,0.0,0.0,0.0,5.0,2023.0,0.0,0.0,0.0,0.0,21.9,0.2,26.0,21.0,146.0,2.0,26.0,58238.0
0.0,0.0,1.0,0.0,0.0,0.0,0.0,5.0,2023.0,1.0,0.0,0.0,0.0,27.9,0.9,27.0,21.0,147.0,2.0,27.0,41690.0
0.0,0.0,0.0,1.0,0.0,0.0,0.0,5.0,2023.0,1.0,0.0,0.0,0.0,26.1,2.1,28.0,21.0,148.0,2.0,28.0,36856.0
0.0,1.0,0.0,0.0,0.0,0.0,0.0,5.0,2023.0,0.0,0.0,0.0,0.0,22.8,0.0,29.0,22.0,149.0,2.0,29.0,59942.0
0.0,0.0,0.0,0.0,0.0,1.0,0.0,5.0,2023.0,0.0,0.0,0.0,0.0,26.9,0.5,30.0,22.0,150.0,2.0,30.0,67297.0
0.0,0.0,0.0,0.0,0.0,0.0,1.0,5.0,2023.0,0.0,0.0,0.0,0.0,25.2,2.5,31.0,22.0,151.0,2.0,31.0,68125.0
0.0,0.0,0.0,0.0,1.0,0.0,0.0,6.0,2023.0,0.0,0.0,0.0,0.0,22.2,0.9,1.0,22.0,152.0,2.0,1.0,61949.0
1.0,0.0,0.0,0.0,0.0,0.0,0.0,6.0,2023.0,0.0,0.0,0.0,0.0,24.0,1.1,2.0,22.0,153.0,2.0,2.0,56851.0
0.0,0.0,1.0,0.0,0.0,0.0,0.0,6.0,2023.0,1.0,0.0,0.0,0.0,28.2,1.5,3.0,22.0,154.0,2.0,3.0,40929.0
0.0,0.0,0.0,1.0,0.0,0.0,0.0,6.0,2023.0,1.0,0.0,0.0,0.0,30.0,0.7,4.0,22.0,155.0,2.0,4.0,37632.0
0.0,1.0,0.0,0.0,0.0,0.0,0.0,6.0,2023.0,0.0,0.0,0.0,0.0,29.2,2.4,5.0,23.0,156.0,2.0,5.0,68180.0
0.0,0.0,0.0,0.0,0.0,1.0,0.0,6.0,2023.0,0.0,0.0,0.0,0.0,24.3,0.4,6.0,23.0,157.0,2.0,6.0,59518.0
0.0,0.0,0.0,0.0,0.0,0.0,1.0,6.0,2023.0,0.0,0.0,0.0,0.0,27.5,0.3,7.0,23.0,158.0,2.0,7.0,71797.0
0.0,0.0,0.0,0.0,1.0,0.0,0.0,6.0,2023.0,0.0,0.0,0.0,0.0,27.2,1.3,8.0,23.0,159.0,2.0,8.0,74173.0
1.0,0.0,0.0,0.0,0.0,0.0,0.0,6.0,2023.0,0.0,0.0,0.0,0.0,22.2,1.3,9.0,23.0,160.0,2.0,9.0,55345.0
0.0,0.0,1.0,0.0,0.0,0.0,0.0,6.0,2023.0,1.0,0.0,0.0,0.0,26.6,2.1,10.0,23.0,161.0,2.0,10.0,43072.0
0.0,0.0,0.0,1.0,0.0,0.0,0.0,6.0,2023.0,1.0,0.0,0.0,0.0,24.4,0.0,11.0,23.0,162.0,2.0,11.0,27223.0
0.0,1.0,0.0,0.0,0.0,0.0,0.0,6.0,2023.0,0.0,0.0,0.0,0.0,28.7,2.5,12.0,24.0,163.0,2.0,12.0,70299.0
0.0,0.0,0.0,0.0,0.0,1.0,0.0,6.0,2023.0,0.0,0.0,0.0,0.0,20.5,1.4,13.0,24.0,164.0,2.0,13.0,55287.0
0.0,0.0,0.0,0.0,0.0,0.0,1.0,6.0,2023.0,0.0,0.0,0.0,0.0,27.6,1.1,14.0,24.0,165.0,2.0,14.0,70573.0
0.0,0.0,0.0,0.0,1.0,0.0,0.0,6.0,2023.0,0.0,0.0,0.0,0.0,27.8,0.0,15.0,24.0,166.0,2.0,15.0,65368.0
1.0,0.0,0.0,0.0,0.0,0.0,0.0,6.0,2023.0,0.0,0.0,0.0,0.0,26.2,2.0,16.0,24.0,167.0,2.0,16.0,64689.0
0.0,0.0,1.0,0.0,0.0,0.0,0.0,6.0,2023.0,1.0,0.0,0.0,0.0,23.2,0.5,17.0,24.0,168.0,2.0,17.0,38053.0
0.0,0.0,0.0,1.0,0.0,0.0,0.0,6.0,2023.0,1.0,0.0,0.0,0.0,22.0,1.6,18.0,24.0,169.0,2.0,18.0,35701.0
0.0,1.0,0.0,0.0,0.0,0.0,0.0,6.0,2023.0,0.0,0.0,0.0,0.0,26.0,1.2,19.0,25.0,170.0,2.0,19.0,65957.0
0.0,0.0,0.0,0.0,0.0,1.0,0.0,6.0,2023.0,0.0,0.0,0.0,0.0,24.9,0.0,20.0,25.0,171.0,2.0,20.0,56360.0
0.0,0.0,0.0,0.0,0.0,0.0,1.0,6.0,2023.0,0.0,0.0,0.0,0.0,18.0,2.0,21.0,25.0,172.0,2.0,21.0,57160.0
0.0,0.0,0.0,0.0,1.0,0.0,0.0,6.0,2023.0,0.0,0.0,0.0,0.0,24.2,0.0,22.0,25.0,173.0,2.0,22.0,50606.0
1.0,0.0,0.0,0.0,0.0,0.0,0.0,6.0,2023.0,0.0,0.0,0.0,0.0,26.1,0.0,23.0,25.0,174.0,2.0,23.0,72016.0
0.0,0.0,1.0,0.0,0.0,0.0,0.0,6.0,2023.0,1.0,0.0,0.0,0.0,26.1,1.3,24.0,25.0,175.0,2.0,24.0,26838.0
0.0,0.0,0.0,1.0,0.0,0.0,0.0,6.0,2023.0,1.0,0.0,1.0,0.0,21.8,1.5,25.0,25.0,176.0,2.0,25.0,22309.0
0.0,1.0,0.0,0.0,0.0,0.0,0.0,6.0,2023.0,0.0,0.0,1.0,0.0,25.7,0.0,26.0,26.0,177.0,2.0,26.0,53432.0
0.0,0.0,0.0,0.0,0.0,1.0,0.0,6.0,2023.0,0.0,0.0,1.0,0.0,29.2,0.0,27.0,26.0,178.0,2.0,27.0,57916.0
0.0,0.0,0.0,0.0,0.0,0.0,1.0,6.0,2023.0,0.0,0.0,1.0,0.0,27.1,0.0,28.0,26.0,179.0,2.0,28.0,51925.0
0.0,0.0,0.0,0.0,1.0,0.0,0.0,6.0,2023.0,0.0,0.0,1.0,0.0,25.2,0.0,29.0,26.0,180.0,2.0,29.0,59286.0
1.0,0.0,0.0,0.0,0.0,0.0,0.0,6.0,2023.0,0.0,0.0,1.0,0.0,21.4,2.3,30.0,26.0,181.0,2.0,30.0,42041.0
0.0,0.0,1.0,0.0,0.0,0.0,0.0,7.0,2023.0,1.0,0.0,1.0,0.0,22.8,1.8,1.0,26.0,182.0,3.0,1.0,27500.0
0.0,0.0,0.0,1.0,0.0,0.0,0.0,7.0,2023.0,1.0,0.0,1.0,0.0,24.9,0.0,2.0,26.0,183.0,3.0,2.0,27562.0
0.0,1.0,0.0,0.0,0.0,0.0,0.0,7.0,2023.0,0.0,0.0,1.0,0.0,15.8,1.6,3.0,27.0,184.0,3.0,3.0,48670.0
0.0,0.0,0.0,0.0,0.0,1.0,0.0,7.0,2023.0,0.0,0.0,1.0,0.0,21.4,0.8,4.0,27.0,185.0,3.0,4.0,51546.0
0.0,0.0,0.0,0.0,0.0,0.0,1.0,7.0,2023.0,0.0,0.0,1.0,0.0,21.4,0.8,5.0,27.0,186.0,3.0,5.0,46104.0
0.0,0.0,0.0,0.0,1.0,0.0,0.0,7.0,2023.0,0.0,0.0,1.0,0.0,24.3,0.2,6.0,27.0,187.0,3.0,6.0,51504.0
1.0,0.0,0.0,0.0,0.0,0.0,0.0,7.0,2023.0,0.0,0.0,1.0,0.0,33.7,0.0,7.0,27.0,188.0,3.0,7.0,50198.0
0.0,0.0,1.0,0.0,0.0,0.0,0.0,7.0,2023.0,1.0,0.0,1.0,0.0,22.8,1.8,8.0,27.0,189.0,3.0,8.0,28485.0
0.0,0.0,0.0,1.0,0.0,0.0,0.0,7.0,2023.0,1.0,0.0,1.0,0.0,22.9,2.0,9.0,27.0,190.0,3.0,9.0,26232.0
0.0,1.0,0.0,0.0,0.0,0.0,0.0,7.0,2023.0,0.0,0.0,1.0,0.0,21.7,0.0,10.0,28.0,191.0,3.0,10.0,39910.0
0.0,0.0,0.0,0.0,0.0,1.0,0.0,7.0,2023.0,0.0,0.0,1.0,0.0,23.2,0.2,11.0,28.0,192.0,3.0,11.0,56703.0
0.0,0.0,0.0,0.0,0.0,0.0,1.0,7.0,2023.0,0.0,0.0,1.0,0.0,24.6,4.1,12.0,28.0,193.0,3.0,12.0,51286.0
0.0,0.0,0.0,0.0,1.0,0.0,0.0,7.0,2023.0,0.0,0.0,1.0,0.0,20.1,0.0,13.0,28.0,194.0,3.0,13.0,51564.0
1.0,0.0,0.0,0.0,0.0,0.0,0.0,7.0,2023.0,0.0,0.0,1.0,0.0,27.6,0.6,14.0,28.0,195.0,3.0,14.0,48144.0
0.0,0.0,1.0,0.0,0.0,0.0,0.0,7.0,2023.0,1.0,0.0,1.0,0.0,21.9,0.0,15.0,28.0,196.0,3.0,15.0,27842.0
0.0,0.0,0.0,1.0,0.0,0.0,0.0,7.0,2023.0,1.0,0.0,1.0,0.0,20.5,3.2,16.0,28.0,197.0,3.0,16.0,30369.0
0.0,1.0,0.0,0.0,0.0,0.0,0.0,7.0,2023.0,0.0,0.0,1.0,0.0,25.9,0.3,17.0,29.0,198.0,3.0,17.0,48235.0
0.0,0.0,0.0,0.0,0.0,1.0,0.0,7.0,2023.0,0.0,0.0,1.0,0.0,20.6,0.0,18.0,29.0,199.0,3.0,18.0,44443.0
0.0,0.0,0.0,0.0,0.0,0.0,1.0,7.0,2023.0,0.0,0.0,1.0,0.0,29.2,3.0,19.0,29.0,200.0,3.0,19.0,47833.0
0.0,0.0,0.0,0.0,1.0,0.0,0.0,7.0,2023.0,0.0,0.0,1.0,0.0,22.3,0.4,20.0,29.0,201.0,3.0,20.0,52804.0
1.0,0.0,0.0,0.0,0.0,0.0,0.0,7.0,2023.0,0.0,0.0,1.0,0.0,26.6,0.0,21.0,29.0,202.0,3.0,21.0,52299.0
0.0,0.0,1.0,0.0,0.0,0.0,0.0,7.0,2023.0,1.0,0.0,1.0,0.0,22.1,1.6,22.0,29.0,203.0,3.0,22.0,33057.0
0.0,0.0,0.0,1.0,0.0,0.0,0.0,7.0,2023.0,1.0,0.0,1.0,0.0,23.2,1.5,23.0,29.0,204.0,3.0,23.0,18936.0
0.0,1.0,0.0,0.0,0.0,0.0,0.0,7.0,2023.0,0.0,0.0,1.0,0.0,28.3,0.8,24.0,30.0,205.0,3.0,24.0,52996.0
0.0,0.0,0.0,0.0,0.0,1.0,0.0,7.0,2023.0,0.0,0.0,1.0,0.0,24.6,0.0,25.0,30.0,206.0,3.0,25.0,56156.0
0.0,0.0,0.0,0.0,0.0,0.0,1.0,7.0,2023.0,0.0,0.0,1.0,0.0,23.7,2.4,26.0,30.0,207.0,3.0,26.0,66296.0
0.0,0.0,0.0,0.0,1.0,0.0,0.0,7.0,2023.0,0.0,0.0,1.0,0.0,25.6,0.4,27.0,30.0,208.0,3.0,27.0,64554.0
1.0,0.0,0.0,0.0,0.0,0.0,0.0,7.0,2023.0,0.0,0.0,1.0,0.0,24.0,0.0,28.0,30.0,209.0,3.0,28.0,43842.0
0.0,0.0,1.0,0.0,0.0,0.0,0.0,7.0,2023.0,1.0,0.0,1.0,0.0,21.2,0.0,29.0,30.0,210.0,3.0,29.0,32217.0
0.0,0.0,0.0,1.0,0.0,0.0,0.0,7.0,2023.0,1.0,1.0,1.0,0.0,19.8,3.3,30.0,30.0,211.0,3.0,30.0,10139.0
0.0,1.0,0.0,0.0,0.0,0.0,0.0,7.0,2023.0,0.0,0.0,1.0,0.0,23.6,0.0,31.0,31.0,212.0,3.0,31.0,46879.0
0.0,0.0,0.0,0.0,0.0,1.0,0.0,8.0,2023.0,0.0,0.0,1.0,0.0,23.5,0.5,1.0,31.0,213.0,3.0,1.0,51715.0
0.0,0.0,0.0,0.0,0.0,0.0,1.0,8.0,2023.0,0.0,0.0,1.0,0.0,21.9,0.8,2.0,31.0,214.0,3.0,2.0,48200.0
0.0,0.0,0.0,0.0,1.0,0.0,0.0,8.0,2023.0,0.0,0.0,1.0,0.0,16.0,3.3,3.0,31.0,215.0,3.0,3.0,51277.0
1.0,0.0,0.0,0.0,0.0,0.0,0.0,8.0,2023.0,0.0,0.0,1.0,0.0,23.0,1.4,4.0,31.0,216.0,3.0,4.0,48876.0
0.0,0.0,1.0,0.0,0.0,0.0,0.0,8.0,2023.0,1.0,0.0,1.0,0.0,24.4,0.0,5.0,31.0,217.0,3.0,5.0,28946.0
0.0,0.0,0.0,1.0,0.0,0.0,0.0,8.0,2023.0,1.0,0.0,1.0,0.0,23.1,0.0,6.0,31.0,218.0,3.0,6.0,26505.0
0.0,1.0,0.0,0.0,0.0,0.0,0.0,8.0,2023.0,0.0,0.0,1.0,0.0,23.7,0.0,7.0,32.0,219.0,3.0,7.0,47287.0
0.0,0.0,0.0,0.0,0.0,1.0,0.0,8.0,2023.0,0.0,0.0,1.0,0.0,12.4,0.0,8.0,32.0,220.0,3.0,8.0,38756.0
0.0,0.0,0.0,0.0,0.0,0.0,1.0,8.0,2023.0,0.0,0.0,1.0,0.0,20.4,0.4,9.0,32.0,221.0,3.0,9.0,57148.0
0.0,0.0,0.0,0.0,1.0,0.0,0.0,8.0,2023.0,0.0,0.0,1.0,0.0,20.6,0.0,10.0,32.0,222.0,3.0,10.0,45425.0
1.0,0.0,0.0,0.0,0.0,0.0,0.0,8.0,2023.0,0.0,0.0,1.0,0.0,21.6,0.2,11.0,32.0,223.0,3.0,11.0,44511.0
0.0,0.0,1.0,0.0,0.0,0.0,0.0,8.0,2023.0,1.0,0.0,1.0,0.0,20.4,3.5,12.0,32.0,224.0,3.0,12.0,29185.0
0.0,0.0,0.0,1.0,0.0,0.0,0.0,8.0,2023.0,1.0,0.0,1.0,0.0,17.4,1.4,13.0,32.0,225.0,3.0,13.0,24299.0
0.0,1.0,0.0,0.0,0.0,0.0,0.0,8.0,2023.0,0.0,1.0,1.0,0.0,24.2,0.0,14.0,33.0,226.0,3.0,14.0,19736.0
0.0,0.0,0.0,0.0,0.0,1.0,0.0,8.0,2023.0,0.0,0.0,1.0,0.0,21.3,0.0,15.0,33.0,227.0,3.0,15.0,45464.0
0.0,0.0,0.0,0.0,0.0,0.0,1.0,8.0,2023.0,0.0,0.0,1.0,0.0,16.4,0.0,16.0,33.0,228.0,3.0,16.0,50507.0
0.0,0.0,0.0,0.0,1.0,0.0,0.0,8.0,2023.0,0.0,0.0,1.0,0.0,22.6,2.8,17.0,33.0,229.0,3.0,17.0,53734.0
1.0,0.0,0.0,0.0,0.0,0.0,0.0,8.0,2023.0,0.0,0.0,1.0,0.0,22.7,0.0,18.0,33.0,230.0,3.0,18.0,44510.0
0.0,0.0,1.0,0.0,0.0,0.0,0.0,8.0,2023.0,1.0,0.0,1.0,0.0,22.2,1.0,19.0,33.0,231.0,3.0,19.0,25211.0
0.0,0.0,0.0,1.0,0.0,0.0,0.0,8.0,2023.0,1.0,1.0,1.0,0.0,22.3,1.1,20.0,33.0,232.0,3.0,20.0,11406.0
0.0,1.0,0.0,0.0,0.0,0.0,0.0,8.0,2023.0,0.0,1.0,1.0,0.0,26.9,1.7,21.0,34.0,233.0,3.0,21.0,29709.0
0.0,0.0,0.0,0.0,0.0,1.0,0.0,8.0,2023.0,0.0,0.0,1.0,0.0,22.4,0.3,22.0,34.0,234.0,3.0,22.0,44036.0
0.0,0.0,0.0,0.0,0.0,0.0,1.0,8.0,2023.0,0.0,0.0,1.0,0.0,18.8,0.2,23.0,34.0,235.0,3.0,23.0,56093.0
0.0,0.0,0.0,0.0,1.0,0.0,0.0,8.0,2023.0,0.0,0.0,1.0,0.0,17.7,1.1,24.0,34.0,236.0,3.0,24.0,50921.0
1.0,0.0,0.0,0.0,0.0,0.0,0.0,8.0,2023.0,0.0,0.0,1.0,0.0,18.6,1.8,25.0,34.0,237.0,3.0,25.0,55330.0
0.0,0.0,1.0,0.0,0.0,0.0,0.0,8.0,2023.0,1.0,0.0,1.0,0.0,22.3,0.0,26.0,34.0,238.0,3.0,26.0,26570.0
0.0,0.0,0.0,1.0,0.0,0.0,0.0,8.0,2023.0,1.0,0.0,1.0,0.0,22.0,0.0,27.0,34.0,239.0,3.0,27.0,18573.0
0.0,1.0,0.0,0.0,0.0,0.0,0.0,8.0,2023.0,0.0,0.0,1.0,0.0,18.3,1.7,28.0,35.0,240.0,3.0,28.0,43715.0
0.0,0.0,0.0,0.0,0.0,1.0,0.0,8.0,2023.0,0.0,0.0,1.0,0.0,25.3,0.1,29.0,35.0,241.0,3.0,29.0,47312.0
0.0,0.0,0.0,0.0,0.0,0.0,1.0,8.0,2023.0,0.0,0.0,1.0,0.0,15.1,0.6,30.0,35.0,242.0,3.0,30.0,51523.0
0.0,0.0,0.0,0.0,1.0,0.0,0.0,8.0,2023.0,0.0,0.0,1.0,0.0,22.8,3.8,31.0,35.0,243.0,3.0,31.0,42247.0
1.0,0.0,0.0,0.0,0.0,0.0,0.0,9.0,2023.0,0.0,0.0,1.0,0.0,16.0,0.3,1.0,35.0,244.0,3.0,1.0,48447.0
0.0,0.0,1.0,0.0,0.0,0.0,0.0,9.0,2023.0,1.0,0.0,0.0,0.0,14.3,0.5,2.0,35.0,245.0,3.0,2.0,25577.0
0.0,0.0,0.0,1.0,0.0,0.0,0.0,9.0,2023.0,1.0,0.0,0.0,0.0,15.0,0.0,3.0,35.0,246.0,3.0,3.0,26645.0
0.0,1.0,0.0,0.0,0.0,0.0,0.0,9.0,2023.0,0.0,0.0,0.0,0.0,12.9,0.3,4.0,36.0,247.0,3.0,4.0,62512.0
0.0,0.0,0.0,0.0,0.0,1.0,0.0,9.0,2023.0,0.0,0.0,0.0,1.0,20.1,0.0,5.0,36.0,248.0,3.0,5.0,83580.0
0.0,0.0,0.0,0.0,0.0,0.0,1.0,9.0,2023.0,0.0,0.0,0.0,0.0,16.6,2.3,6.0,36.0,249.0,3.0,6.0,50685.0
0.0,0.0,0.0,0.0,1.0,0.0,0.0,9.0,2023.0,0.0,0.0,0.0,0.0,17.4,0.3,7.0,36.0,250.0,3.0,7.0,69325.0
1.0,0.0,0.0,0.0,0.0,0.0,0.0,9.0,2023.0,0.0,0.0,0.0,0.0,12.9,0.0,8.0,36.0,251.0,3.0,8.0,55886.0
0.0,0.0,1.0,0.0,0.0,0.0,0.0,9.0,2023.0,1.0,0.0,0.0,0.0,15.4,0.0,9.0,36.0,252.0,3.0,9.0,33489.0
0.0,0.0,0.0,1.0,0.0,0.0,0.0,9.0,2023.0,1.0,0.0,0.0,0.0,17.6,0.0,10.0,36.0,253.0,3.0,10.0,28066.0
0.0,1.0,0.0,0.0,0.0,0.0,0.0,9.0,2023.0,0.0,0.0,0.0,0.0,13.8,1.2,11.0,37.0,254.0,3.0,11.0,61510.0
0.0,0.0,0.0,0.0,0.0,1.0,0.0,9.0,2023.0,0.0,0.0,0.0,0.0,9.3,1.3,12.0,37.0,255.0,3.0,12.0,64656.0
0.0,0.0,0.0,0.0,0.0,0.0,1.0,9.0,2023.0,0.0,0.0,0.0,0.0,15.2,0.0,13.0,37.0,256.0,3.0,13.0,60135.0
0.0,0.0,0.0,0.0,1.0,0.0,0.0,9.0,2023.0,0.0,0.0,0.0,0.0,16.2,0.4,14.0,37.0,257.0,3.0,14.0,61600.0
1.0,0.0,0.0,0.0,0.0,0.0,0.0,9.0,2023.0,0.0,0.0,0.0,0.0,19.8,2.0,15.0,37.0,258.0,3.0,15.0,56323.0
0.0,0.0,1.0,0.0,0.0,0.0,0.0,9.0,2023.0,1.0,0.0,0.0,0.0,16.2,2.0,16.0,37.0,259.0,3.0,16.0,26603.0
0.0,0.0,0.0,1.0,0.0,0.0,0.0,9.0,2023.0,1.0,0.0,0.0,0.0,9.2,0.0,17.0,37.0,260.0,3.0,17.0,28327.0
0.0,1.0,0.0,0.0,0.0,0.0,0.0,9.0,2023.0,0.0,0.0,0.0,0.0,15.8,0.0,18.0,38.0,261.0,3.0,18.0,68327.0
0.0,0.0,0.0,0.0,0.0,1.0,0.0,9.0,2023.0,0.0,0.0,0.0,0.0,17.0,1.1,19.0,38.0,262.0,3.0,19.0,64970.0
0.0,0.0,0.0,0.0,0.0,0.0,1.0,9.0,2023.0,0.0,0.0,0.0,0.0,12.9,2.0,20.0,38.0,263.0,3.0,20.0,57925.0
0.0,0.0,0.0,0.0,1.0,0.0,0.0,9.0,2023.0,0.0,0.0,0.0,0.0,20.5,3.1,21.0,38.0,264.0,3.0,21.0,64525.0
1.0,0.0,0.0,0.0,0.0,0.0,0.0,9.0,2023.0,0.0,0.0,0.0,0.0,15.6,3.2,22.0,38.0,265.0,3.0,22.0,57276.0
0.0,0.0,1.0,0.0,0.0,0.0,0.0,9.0,2023.0,1.0,0.0,0.0,0.0,10.0,1.6,23.0,38.0,266.0,3.0,23.0,38217.0
0.0,0.0,0.0,1.0,0.0,0.0,0.0,9.0,2023.0,1.0,0.0,0.0,0.0,12.2,0.0,24.0,38.0,267.0,3.0,24.0,18868.0
0.0,1.0,0.0,0.0,0.0,0.0,0.0,9.0,2023.0,0.0,0.0,0.0,0.0,12.5,0.0,25.0,39.0,268.0,3.0,25.0,62872.0
0.0,0.0,0.0,0.0,0.0,1.0,0.0,9.0,2023.0,0.0,0.0,0.0,0.0,17.6,0.6,26.0,39.0,269.0,3.0,26.0,65475.0
0.0,0.0,0.0,0.0,0.0,0.0,1.0,9.0,2023.0,0.0,0.0,0.0,0.0,14.8,0.0,27.0,39.0,270.0,3.0,27.0,57196.0
0.0,0.0,0.0,0.0,1.0,0.0,0.0,9.0,2023.0,0.0,0.0,0.0,0.0,14.1,0.9,28.0,39.0,271.0,3.0,28.0,60992.0
1.0,0.0,0.0,0.0,0.0,0.0,0.0,9.0,2023.0,0.0,0.0,0.0,0.0,15.7,0.6,29.0,39.0,272.0,3.0,29.0,51740.0
0.0,0.0,1.0,0.0,0.0,0.0,0.0,9.0,2023.0,1.0,0.0,0.0,0.0,16.2,0.0,30.0,39.0,273.0,3.0,30.0,35981.0
0.0,0.0,0.0,1.0,0.0,0.0,0.0,10.0,2023.0,1.0,0.0,0.0,0.0,7.5,14.1,1.0,39.0,274.0,4.0,1.0,27916.0
0.0,1.0,0.0,0.0,0.0,0.0,0.0,10.0,2023.0,0.0,0.0,0.0,0.0,7.7,4.4,2.0,40.0,275.0,4.0,2.0,61156.0
0.0,0.0,0.0,0.0,0.0,1.0,0.0,10.0,2023.0,0.0,0.0,0.0,0.0,8.7,0.0,3.0,40.0,276.0,4.0,3.0,64635.0
0.0,0.0,0.0,0.0,0.0,0.0,1.0,10.0,2023.0,0.0,0.0,0.0,0.0,5.1,0.0,4.0,40.0,277.0,4.0,4.0,63566.0
0.0,0.0,0.0,0.0,1.0,0.0,0.0,10.0,2023.0,0.0,0.0,0.0,0.0,16.4,0.0,5.0,40.0,278.0,4.0,5.0,69557.0
1.0,0.0,0.0,0.0,0.0,0.0,0.0,10.0,2023.0,0.0,0.0,0.0,0.0,14.0,0.0,6.0,40.0,279.0,4.0,6.0,59081.0
0.0,0.0,1.0,0.0,0.0,0.0,0.0,10.0,2023.0,1.0,0.0,0.0,0.0,10.4,5.6,7.0,40.0,280.0,4.0,7.0,30760.0
0.0,0.0,0.0,1.0,0.0,0.0,0.0,10.0,2023.0,1.0,0.0,0.0,0.0,7.1,4.3,8.0,40.0,281.0,4.0,8.0,26118.0
0.0,1.0,0.0,0.0,0.0,0.0,0.0,10.0,2023.0,0.0,0.0,0.0,0.0,9.6,3.2,9.0,41.0,282.0,4.0,9.0,56964.0
0.0,0.0,0.0,0.0,0.0,1.0,0.0,10.0,2023.0,0.0,0.0,0.0,0.0,14.3,6.4,10.0,41.0,283.0,4.0,10.0,58988.0
0.0,0.0,0.0,0.0,0.0,0.0,1.0,10.0,2023.0,0.0,0.0,0.0,0.0,11.6,0.0,11.0,41.0,284.0,4.0,11.0,63659.0
0.0,0.0,0.0,0.0,1.0,0.0,0.0,10.0,2023.0,0.0,0.0,0.0,0.0,10.5,0.0,12.0,41.0,285.0,4.0,12.0,64217.0
1.0,0.0,0.0,0.0,0.0,0.0,0.0,10.0,2023.0,0.0,0.0,0.0,0.0,11.3,8.1,13.0,41.0,286.0,4.0,13.0,59787.0
0.0,0.0,1.0,0.0,0.0,0.0,0.0,10.0,2023.0,1.0,0.0,0.0,0.0,9.0,0.0,14.0,41.0,287.0,4.0,14.0,37849.0
0.0,0.0,0.0,1.0,0.0,0.0,0.0,10.0,2023.0,1.0,0.0,0.0,0.0,10.2,7.9,15.0,41.0,288.0,4.0,15.0,29912.0
0.0,1.0,0.0,0.0,0.0,0.0,0.0,10.0,2023.0,0.0,0.0,0.0,0.0,9.4,5.5,16.0,42.0,289.0,4.0,16.0,48947.0
0.0,0.0,0.0,0.0,0.0,1.0,0.0,10.0,2023.0,0.0,0.0,0.0,0.0,9.7,0.0,17.0,42.0,290.0,4.0,17.0,61158.0
0.0,0.0,0.0,0.0,0.0,0.0,1.0,10.0,2023.0,0.0,0.0,0.0,0.0,8.5,2.0,18.0,42.0,291.0,4.0,18.0,58544.0
0.0,0.0,0.0,0.0,1.0,0.0,0.0,10.0,2023.0,0.0,0.0,0.0,0.0,0.4,6.9,19.0,42.0,292.0,4.0,19.0,60166.0
1.0,0.0,0.0,0.0,0.0,0.0,0.0,10.0,2023.0,0.0,0.0,1.0,0.0,12.3,0.2,20.0,42.0,293.0,4.0,20.0,46217.0
0.0,0.0,1.0,0.0,0.0,0.0,0.0,10.0,2023.0,1.0,0.0,1.0,0.0,9.7,10.1,21.0,42.0,294.0,4.0,21.0,25497.0
0.0,0.0,0.0,1.0,0.0,0.0,0.0,10.0,2023.0,1.0,0.0,1.0,0.0,10.2,8.5,22.0,42.0,295.0,4.0,22.0,13229.0
0.0,1.0,0.0,0.0,0.0,0.0,0.0,10.0,2023.0,0.0,0.0,1.0,0.0,7.8,3.4,23.0,43.0,296.0,4.0,23.0,50345.0
0.0,0.0,0.0,0.0,0.0,1.0,0.0,10.0,2023.0,0.0,0.0,1.0,0.0,13.8,4.6,24.0,43.0,297.0,4.0,24.0,45205.0
0.0,0.0,0.0,0.0,0.0,0.0,1.0,10.0,2023.0,0.0,0.0,1.0,0.0,8.8,3.6,25.0,43.0,298.0,4.0,25.0,42459.0
0.0,0.0,0.0,0.0,1.0,0.0,0.0,10.0,2023.0,0.0,0.0,1.0,0.0,11.0,0.0,26.0,43.0,299.0,4.0,26.0,53258.0
1.0,0.0,0.0,0.0,0.0,0.0,0.0,10.0,2023.0,0.0,0.0,1.0,0.0,9.2,0.0,27.0,43.0,300.0,4.0,27.0,49637.0
0.0,0.0,1.0,0.0,0.0,0.0,0.0,10.0,2023.0,1.0,0.0,1.0,0.0,10.5,13.8,28.0,43.0,301.0,4.0,28.0,18301.0
0.0,0.0,0.0,1.0,0.0,0.0,0.0,10.0,2023.0,1.0,0.0,1.0,0.0,15.7,6.9,29.0,43.0,302.0,4.0,29.0,14805.0
0.0,1.0,0.0,0.0,0.0,0.0,0.0,10.0,2023.0,0.0,0.0,1.0,0.0,9.5,6.4,30.0,44.0,303.0,4.0,30.0,42934.0
0.0,0.0,0.0,0.0,0.0,1.0,0.0,10.0,2023.0,0.0,0.0,0.0,0.0,9.7,2.2,31.0,44.0,304.0,4.0,31.0,65466.0
0.0,0.0,0.0,0.0,0.0,0.0,1.0,11.0,2023.0,0.0,0.0,0.0,0.0,14.5,0.0,1.0,44.0,305.0,4.0,1.0,50378.0
0.0,0.0,0.0,0.0,1.0,0.0,0.0,11.0,2023.0,0.0,0.0,0.0,0.0,6.7,4.5,2.0,44.0,306.0,4.0,2.0,65614.0
1.0,0.0,0.0,0.0,0.0,0.0,0.0,11.0,2023.0,0.0,0.0,0.0,0.0,6.5,4.5,3.0,44.0,307.0,4.0,3.0,58339.0
0.0,0.0,1.0,0.0,0.0,0.0,0.0,11.0,2023.0,1.0,0.0,0.0,0.0,5.9,0.0,4.0,44.0,308.0,4.0,4.0,31617.0
0.0,0.0,0.0,1.0,0.0,0.0,0.0,11.0,2023.0,1.0,0.0,0.0,0.0,7.4,0.0,5.0,44.0,309.0,4.0,5.0,29007.0
0.0,1.0,0.0,0.0,0.0,0.0,0.0,11.0,2023.0,0.0,1.0,0.0,0.0,4.2,11.2,6.0,45.0,310.0,4.0,6.0,26623.0
0.0,0.0,0.0,0.0,0.0,1.0,0.0,11.0,2023.0,0.0,0.0,0.0,0.0,9.8,0.0,7.0,45.0,311.0,4.0,7.0,64861.0
0.0,0.0,0.0,0.0,0.0,0.0,1.0,11.0,2023.0,0.0,0.0,0.0,0.0,6.9,1.6,8.0,45.0,312.0,4.0,8.0,52314.0
0.0,0.0,0.0,0.0,1.0,0.0,0.0,11.0,2023.0,0.0,0.0,0.0,0.0,4.1,7.1,9.0,45.0,313.0,4.0,9.0,46966.0
1.0,0.0,0.0,0.0,0.0,0.0,0.0,11.0,2023.0,0.0,0.0,0.0,0.0,9.2,8.0,10.0,45.0,314.0,4.0,10.0,48989.0
0.0,0.0,1.0,0.0,0.0,0.0,0.0,11.0,2023.0,1.0,0.0,0.0,0.0,4.0,4.6,11.0,45.0,315.0,4.0,11.0,33622.0
0.0,0.0,0.0,1.0,0.0,0.0,0.0,11.0,2023.0,1.0,0.0,0.0,0.0,3.3,1.0,12.0,45.0,316.0,4.0,12.0,26403.0
0.0,1.0,0.0,0.0,0.0,0.0,0.0,11.0,2023.0,0.0,0.0,0.0,0.0,5.1,6.7,13.0,46.0,317.0,4.0,13.0,61615.0
0.0,0.0,0.0,0.0,0.0,1.0,0.0,11.0,2023.0,0.0,0.0,0.0,0.0,1.2,5.8,14.0,46.0,318.0,4.0,14.0,49792.0
0.0,0.0,0.0,0.0,0.0,0.0,1.0,11.0,2023.0,0.0,0.0,0.0,0.0,1.3,0.0,15.0,46.0,319.0,4.0,15.0,54643.0
0.0,0.0,0.0,0.0,1.0,0.0,0.0,11.0,2023.0,0.0,0.0,0.0,0.0,8.2,5.7,16.0,46.0,320.0,4.0,16.0,66038.0
1.0,0.0,0.0,0.0,0.0,0.0,0.0,11.0,2023.0,0.0,0.0,0.0,0.0,7.1,2.6,17.0,46.0,321.0,4.0,17.0,68477.0
0.0,0.0,1.0,0.0,0.0,0.0,0.0,11.0,2023.0,1.0,1.0,0.0,0.0,6.3,5.3,18.0,46.0,322.0,4.0,18.0,16037.0
0.0,0.0,0.0,1.0,0.0,0.0,0.0,11.0,2023.0,1.0,0.0,0.0,0.0,5.9,7.2,19.0,46.0,323.0,4.0,19.0,29906.0
0.0,1.0,0.0,0.0,0.0,0.0,0.0,11.0,2023.0,0.0,0.0,0.0,0.0,3.8,6.4,20.0,47.0,324.0,4.0,20.0,44103.0
0.0,0.0,0.0,0.0,0.0,1.0,0.0,11.0,2023.0,0.0,0.0,0.0,0.0,9.1,0.0,21.0,47.0,325.0,4.0,21.0,57082.0
0.0,0.0,0.0,0.0,0.0,0.0,1.0,11.0,2023.0,0.0,0.0,0.0,0.0,6.4,5.6,22.0,47.0,326.0,4.0,22.0,61046.0
0.0,0.0,0.0,0.0,1.0,0.0,0.0,11.0,2023.0,0.0,0.0,0.0,0.0,5.2,1.3,23.0,47.0,327.0,4.0,23.0,60594.0
1.0,0.0,0.0,0.0,0.0,0.0,0.0,11.0,2023.0,0.0,0.0,0.0,0.0,3.3,0.0,24.0,47.0,328.0,4.0,24.0,50399.0
0.0,0.0,1.0,0.0,0.0,0.0,0.0,11.0,2023.0,1.0,0.0,0.0,0.0,6.8,6.7,25.0,47.0,329.0,4.0,25.0,31698.0
0.0,0.0,0.0,1.0,0.0,0.0,0.0,11.0,2023.0,1.0,0.0,0.0,0.0,9.7,6.5,26.0,47.0,330.0,4.0,26.0,16666.0
0.0,1.0,0.0,0.0,0.0,0.0,0.0,11.0,2023.0,0.0,0.0,0.0,0.0,7.1,4.6,27.0,48.0,331.0,4.0,27.0,49621.0
0.0,0.0,0.0,0.0,0.0,1.0,0.0,11.0,2023.0,0.0,0.0,0.0,0.0,2.8,0.0,28.0,48.0,332.0,4.0,28.0,57893.0
0.0,0.0,0.0,0.0,0.0,0.0,1.0,11.0,2023.0,0.0,0.0,0.0,0.0,8.3,2.9,29.0,48.0,333.0,4.0,29.0,69787.0
0.0,0.0,0.0,0.0,1.0,0.0,0.0,11.0,2023.0,0.0,0.0,0.0,0.0,6.2,5.9,30.0,48.0,334.0,4.0,30.0,67139.0
1.0,0.0,0.0,0.0,0.0,0.0,0.0,12.0,2023.0,0.0,0.0,0.0,0.0,6.3,6.8,1.0,48.0,335.0,4.0,1.0,58934.0
0.0,0.0,1.0,0.0,0.0,0.0,0.0,12.0,2023.0,1.0,0.0,0.0,0.0,5.4,0.0,2.0,48.0,336.0,4.0,2.0,37008.0
0.0,0.0,0.0,1.0,0.0,0.0,0.0,12.0,2023.0,1.0,0.0,0.0,0.0,5.3,14.5,3.0,48.0,337.0,4.0,3.0,29776.0
0.0,1.0,0.0,0.0,0.0,0.0,0.0,12.0,2023.0,0.0,0.0,0.0,0.0,1.7,5.4,4.0,49.0,338.0,4.0,4.0,52326.0
0.0,0.0,0.0,0.0,0.0,1.0,0.0,12.0,2023.0,0.0,0.0,0.0,0.0,4.5,1.0,5.0,49.0,339.0,4.0,5.0,61513.0
0.0,0.0,0.0,0.0,0.0,0.0,1.0,12.0,2023.0,0.0,0.0,0.0,0.0,4.7,2.8,6.0,49.0,340.0,4.0,6.0,61034.0
0.0,0.0,0.0,0.0,1.0,0.0,0.0,12.0,2023.0,0.0,0.0,0.0,0.0,4.1,0.0,7.0,49.0,341.0,4.0,7.0,60071.0
1.0,0.0,0.0,0.0,0.0,0.0,0.0,12.0,2023.0,0.0,0.0,0.0,0.0,2.7,0.0,8.0,49.0,342.0,4.0,8.0,56916.0
0.0,0.0,1.0,0.0,0.0,0.0,0.0,12.0,2023.0,1.0,0.0,0.0,0.0,9.0,2.5,9.0,49.0,343.0,4.0,9.0,35397.0
0.0,0.0,0.0,1.0,0.0,0.0,0.0,12.0,2023.0,1.0,0.0,0.0,0.0,6.3,0.0,10.0,49.0,344.0,4.0,10.0,25540.0
0.0,1.0,0.0,0.0,0.0,0.0,0.0,12.0,2023.0,0.0,0.0,0.0,0.0,4.6,10.7,11.0,50.0,345.0,4.0,11.0,55890.0
0.0,0.0,0.0,0.0,0.0,1.0,0.0,12.0,2023.0,0.0,0.0,0.0,0.0,6.5,0.0,12.0,50.0,346.0,4.0,12.0,62687.0
0.0,0.0,0.0,0.0,0.0,0.0,1.0,12.0,2023.0,0.0,0.0,0.0,0.0,1.6,0.8,13.0,50.0,347.0,4.0,13.0,55445.0
0.0,0.0,0.0,0.0,1.0,0.0,0.0,12.0,2023.0,0.0,0.0,0.0,0.0,7.4,0.0,14.0,50.0,348.0,4.0,14.0,61328.0
1.0,0.0,0.0,0.0,0.0,0.0,0.0,12.0,2023.0,0.0,0.0,0.0,0.0,6.5,1.3,15.0,50.0,349.0,4.0,15.0,60233.0
0.0,0.0,1.0,0.0,0.0,0.0,0.0,12.0,2023.0,1.0,0.0,0.0,0.0,-2.8,0.0,16.0,50.0,350.0,4.0,16.0,29675.0
0.0,0.0,0.0,1.0,0.0,0.0,0.0,12.0,2023.0,1.0,0.0,0.0,0.0,7.5,8.5,17.0,50.0,351.0,4.0,17.0,24167.0
0.0,1.0,0.0,0.0,0.0,0.0,0.0,12.0,2023.0,0.0,0.0,0.0,0.0,2.7,6.0,18.0,51.0,352.0,4.0,18.0,53473.0
0.0,0.0,0.0,0.0,0.0,1.0,0.0,12.0,2023.0,0.0,0.0,0.0,0.0,8.1,0.7,19.0,51.0,353.0,4.0,19.0,72087.0
0.0,0.0,0.0,0.0,0.0,0.0,1.0,12.0,2023.0,0.0,0.0,1.0,0.0,1.4,4.4,20.0,51.0,354.0,4.0,20.0,43925.0
0.0,0.0,0.0,0.0,1.0,0.0,0.0,12.0,2023.0,0.0,0.0,1.0,0.0,6.5,9.2,21.0,51.0,355.0,4.0,21.0,50037.0
1.0,0.0,0.0,0.0,0.0,0.0,0.0,12.0,2023.0,0.0,0.0,1.0,0.0,8.5,1.3,22.0,51.0,356.0,4.0,22.0,41149.0
0.0,0.0,1.0,0.0,0.0,0.0,0.0,12.0,2023.0,1.0,0.0,1.0,0.0,2.3,8.4,23.0,51.0,357.0,4.0,23.0,22197.0
0.0,0.0,0.0,1.0,0.0,0.0,0.0,12.0,2023.0,1.0,0.0,1.0,0.0,8.5,1.4,24.0,51.0,358.0,4.0,24.0,19960.0
0.0,1.0,0.0,0.0,0.0,0.0,0.0,12.0,2023.0,0.0,0.0,1.0,0.0,10.5,4.1,25.0,52.0,359.0,4.0,25.0,51093.0
0.0,0.0,0.0,0.0,0.0,1.0,0.0,12.0,2023.0,0.0,0.0,1.0,0.0,6.3,0.0,26.0,52.0,360.0,4.0,26.0,45859.0
0.0,0.0,0.0,0.0,0.0,0.0,1.0,12.0,2023.0,0.0,0.0,1.0,0.0,-1.4,5.8,27.0,52.0,361.0,4.0,27.0,49484.0
0.0,0.0,0.0,0.0,1.0,0.0,0.0,12.0,2023.0,0.0,0.0,1.0,0.0,8.3,2.3,28.0,52.0,362.0,4.0,28.0,51124.0
1.0,0.0,0.0,0.0,0.0,0.0,0.0,12.0,2023.0,0.0,0.0,1.0,0.0,4.6,0.0,29.0,52.0,363.0,4.0,29.0,41696.0
0.0,0.0,1.0,0.0,0.0,0.0,0.0,12.0,2023.0,1.0,0.0,1.0,0.0,4.5,0.0,30.0,52.0,364.0,4.0,30.0,23963.0
0.0,0.0,0.0,1.0,0.0,0.0,0.0,12.0,2023.0,1.0,0.0,1.0,0.0,8.9,0.0,31.0,52.0,365.0,4.0,31.0,17497.0
0.0,1.0,0.0,0.0,0.0,0.0,0.0,1.0,2024.0,0.0,1.0,1.0,0.0,13.1,4.7,1.0,1.0,1.0,1.0,1.0,21936.0
0.0,0.0,0.0,0.0,0.0,1.0,0.0,1.0,2024.0,0.0,0.0,1.0,0.0,5.3,0.9,2.0,1.0,2.0,1.0,2.0,56412.0
0.0,0.0,0.0,0.0,0.0,0.0,1.0,1.0,2024.0,0.0,0.0,1.0,0.0,-1.8,12.9,3.0,1.0,3.0,1.0,3.0,44883.0
0.0,0.0,0.0,0.0,1.0,0.0,0.0,1.0,2024.0,0.0,0.0,1.0,0.0,9.4,0.0,4.0,1.0,4.0,1.0,4.0,47488.0
1.0,0.0,0.0,0.0,0.0,0.0,0.0,1.0,2024.0,0.0,0.0,1.0,0.0,0.5,1.4,5.0,1.0,5.0,1.0,5.0,36338.0
0.0,0.0,1.0,0.0,0.0,0.0,0.0,1.0,2024.0,1.0,0.0,0.0,0.0,7.2,8.2,6.0,1.0,6.0,1.0,6.0,32974.0
0.0,0.0,0.0,1.0,0.0,0.0,0.0,1.0,2024.0,1.0,0.0,0.0,0.0,4.0,0.0,7.0,1.0,7.0,1.0,7.0,27395.0
0.0,1.0,0.0,0.0,0.0,0.0,0.0,1.0,2024.0,0.0,0.0,0.0,0.0,4.0,8.9,8.0,2.0,8.0,1.0,8.0,53648.0
0.0,0.0,0.0,0.0,0.0,1.0,0.0,1.0,2024.0,0.0,0.0,0.0,0.0,2.9,10.2,9.0,2.0,9.0,1.0,9.0,48238.0
0.0,0.0,0.0,0.0,0.0,0.0,1.0,1.0,2024.0,0.0,0.0,0.0,0.0,4.5,7.1,10.0,2.0,10.0,1.0,10.0,60623.0
0.0,0.0,0.0,0.0,1.0,0.0,0.0,1.0,2024.0,0.0,1.0,0.0,0.0,10.5,6.9,11.0,2.0,11.0,1.0,11.0,33853.0
1.0,0.0,0.0,0.0,0.0,0.0,0.0,1.0,2024.0,0.0,0.0,0.0,0.0,9.7,2.1,12.0,2.0,12.0,1.0,12.0,62833.0
0.0,0.0,1.0,0.0,0.0,0.0,0.0,1.0,2024.0,1.0,0.0,0.0,0.0,6.8,0.0,13.0,2.0,13.0,1.0,13.0,42196.0
0.0,0.0,0.0,1.0,0.0,0.0,0.0,1.0,2024.0,1.0,0.0,0.0,0.0,9.7,0.0,14.0,2.0,14.0,1.0,14.0,32011.0
0.0,1.0,0.0,0.0,0.0,0.0,0.0,1.0,2024.0,0.0,0.0,0.0,0.0,6.2,5.4,15.0,3.0,15.0,1.0,15.0,58352.0
0.0,0.0,0.0,0.0,0.0,1.0,0.0,1.0,2024.0,0.0,0.0,0.0,0.0,9.8,1.7,16.0,3.0,16.0,1.0,16.0,57006.0
0.0,0.0,0.0,0.0,0.0,0.0,1.0,1.0,2024.0,0.0,0.0,0.0,0.0,3.4,0.0,17.0,3.0,17.0,1.0,17.0,56325.0
0.0,0.0,0.0,0.0,1.0,0.0,0.0,1.0,2024.0,0.0,0.0,0.0,0.0,7.5,6.5,18.0,3.0,18.0,1.0,18.0,58173.0
1.0,0.0,0.0,0.0,0.0,0.0,0.0,1.0,2024.0,0.0,0.0,0.0,0.0,10.6,0.2,19.0,3.0,19.0,1.0,19.0,60652.0
0.0,0.0,1.0,0.0,0.0,0.0,0.0,1.0,2024.0,1.0,0.0,0.0,0.0,6.9,11.1,20.0,3.0,20.0,1.0,20.0,42674.0
0.0,0.0,0.0,1.0,0.0,0.0,0.0,1.0,2024.0,1.0,0.0,0.0,0.0,5.6,7.9,21.0,3.0,21.0,1.0,21.0,30163.0
0.0,1.0,0.0,0.0,0.0,0.0,0.0,1.0,2024.0,0.0,0.0,0.0,0.0,5.9,0.0,22.0,4.0,22.0,1.0,22.0,61428.0
0.0,0.0,0.0,0.0,0.0,1.0,0.0,1.0,2024.0,0.0,0.0,0.0,0.0,7.1,6.8,23.0,4.0,23.0,1.0,23.0,54690.0
0.0,0.0,0.0,0.0,0.0,0.0,1.0,1.0,2024.0,0.0,0.0,0.0,0.0,7.2,0.0,24.0,4.0,24.0,1.0,24.0,61046.0
0.0,0.0,0.0,0.0,1.0,0.0,0.0,1.0,2024.0,0.0,0.0,0.0,0.0,1.5,6.1,25.0,4.0,25.0,1.0,25.0,55855.0
1.0,0.0,0.0,0.0,0.0,0.0,0.0,1.0,2024.0,0.0,0.0,0.0,0.0,7.4,0.0,26.0,4.0,26.0,1.0,26.0,55232.0
0.0,0.0,1.0,0.0,0.0,0.0,0.0,1.0,2024.0,1.0,0.0,0.0,0.0,4.3,0.0,27.0,4.0,27.0,1.0,27.0,31618.0
0.0,0.0,0.0,1.0,0.0,0.0,0.0,1.0,2024.0,1.0,0.0,0.0,0.0,6.7,0.1,28.0,4.0,28.0,1.0,28.0,34259.0
0.0,1.0,0.0,0.0,0.0,0.0,0.0,1.0,2024.0,0.0,0.0,0.0,0.0,6.4,0.4,29.0,5.0,29.0,1.0,29.0,53446.0
0.0,0.0,0.0,0.0,0.0,1.0,0.0,1.0,2024.0,0.0,0.0,0.0,0.0,9.1,3.2,30.0,5.0,30.0,1.0,30.0,60924.0
0.0,0.0,0.0,0.0,0.0,0.0,1.0,1.0,2024.0,0.0,0.0,0.0,0.0,6.8,0.0,31.0,5.0,31.0,1.0,31.0,58237.0
